ISO-10303-21;
HEADER;
FILE_DESCRIPTION (( 'STEP AP214' ),
    '1' );
FILE_NAME ('AA3528-09.STEP',
    '2024-08-20T16:15:55',
    ( '' ),
    ( '' ),
    'SwSTEP 2.0',
    'SolidWorks 2014',
    '' );
FILE_SCHEMA (( 'AUTOMOTIVE_DESIGN' ));
ENDSEC;

DATA;
#1 = UNCERTAINTY_MEASURE_WITH_UNIT (LENGTH_MEASURE( 1.000000000000000100E-005 ), #1341, 'distance_accuracy_value', 'NONE');
#2 = PLANE ( 'NONE',  #1122 ) ;
#3 = CARTESIAN_POINT ( 'NONE',  ( 218.8808250040314100, -14.43722731103630800, -28.49809349588969500 ) ) ;
#4 = LINE ( 'NONE', #1874, #1198 ) ;
#5 = EDGE_CURVE ( 'NONE', #1519, #1806, #834, .T. ) ;
#6 = CARTESIAN_POINT ( 'NONE',  ( 217.9914124157248500, -14.49179627686141800, -28.49809349589001800 ) ) ;
#7 = DIRECTION ( 'NONE',  ( 0.0000000000000000000, 1.000000000000000000, -7.885106708985342500E-015 ) ) ;
#8 = EDGE_LOOP ( 'NONE', ( #993, #383, #1776, #910 ) ) ;
#9 = PLANE ( 'NONE',  #1816 ) ;
#10 = CIRCLE ( 'NONE', #637, 0.04999999999993898200 ) ;
#11 = ORIENTED_EDGE ( 'NONE', *, *, #1414, .T. ) ;
#12 = EDGE_CURVE ( 'NONE', #1798, #1381, #1043, .T. ) ;
#13 = LINE ( 'NONE', #1208, #453 ) ;
#14 = ORIENTED_EDGE ( 'NONE', *, *, #1290, .T. ) ;
#15 = ORIENTED_EDGE ( 'NONE', *, *, #1944, .F. ) ;
#16 = CARTESIAN_POINT ( 'NONE',  ( 217.2808250040316700, -13.03722731103599700, -28.42309349589001900 ) ) ;
#17 = VERTEX_POINT ( 'NONE', #823 ) ;
#18 = CARTESIAN_POINT ( 'NONE',  ( 217.2860695149273300, -14.43722731103610400, -28.49809349589086300 ) ) ;
#19 = ORIENTED_EDGE ( 'NONE', *, *, #1582, .F. ) ;
#20 = VECTOR ( 'NONE', #1446, 1000.000000000000000 ) ;
#21 = ORIENTED_EDGE ( 'NONE', *, *, #1313, .F. ) ;
#22 =( NAMED_UNIT ( * ) PLANE_ANGLE_UNIT ( ) SI_UNIT ( $, .RADIAN. ) );
#23 = DIRECTION ( 'NONE',  ( 0.7071067811864532000, -0.7071067811866419400, -0.0000000000000000000 ) ) ;
#24 = DIRECTION ( 'NONE',  ( 4.210580892463449600E-013, -9.462128050782245700E-015, -1.000000000000000000 ) ) ;
#25 = EDGE_CURVE ( 'NONE', #867, #875, #1779, .T. ) ;
#26 = CARTESIAN_POINT ( 'NONE',  ( 218.3382872172404300, -15.15240211291589400, -28.49809349588992200 ) ) ;
#27 = B_SPLINE_CURVE_WITH_KNOTS ( 'NONE', 1,
 ( #1628, #1315 ),
 .UNSPECIFIED., .F., .F.,
 ( 2, 2 ),
 ( -0.6763675287315509300, 2.831068712794149200E-014 ),
 .UNSPECIFIED. ) ;
#28 = VECTOR ( 'NONE', #791, 1000.000000000000100 ) ;
#29 = DIRECTION ( 'NONE',  ( -1.341150771934261500E-013, -1.000000000000000000, -1.100263670690383600E-013 ) ) ;
#30 = DIRECTION ( 'NONE',  ( 1.784287003861841300E-013, 1.000000000000000000, -1.486905836551534300E-014 ) ) ;
#31 = CARTESIAN_POINT ( 'NONE',  ( 217.2808250040315600, -13.33722731103609900, -28.42309349589051900 ) ) ;
#32 = VERTEX_POINT ( 'NONE', #509 ) ;
#33 = ORIENTED_EDGE ( 'NONE', *, *, #312, .T. ) ;
#34 = CARTESIAN_POINT ( 'NONE',  ( 221.1342128739850400, -14.43722731103667200, -29.29809349588889600 ) ) ;
#35 = EDGE_CURVE ( 'NONE', #518, #1947, #894, .T. ) ;
#36 = DIRECTION ( 'NONE',  ( 3.874215763014207500E-013, -8.673617379945524000E-015, -1.000000000000000000 ) ) ;
#37 = EDGE_LOOP ( 'NONE', ( #988, #63, #1559, #2008 ) ) ;
#38 = VECTOR ( 'NONE', #405, 1000.000000000000000 ) ;
#39 = ORIENTED_EDGE ( 'NONE', *, *, #731, .F. ) ;
#40 = CARTESIAN_POINT ( 'NONE',  ( 217.2860695149270200, -15.53722731103611900, -28.34809349589025000 ) ) ;
#41 = ORIENTED_EDGE ( 'NONE', *, *, #1602, .T. ) ;
#42 = CIRCLE ( 'NONE', #895, 1.199999999999895600 ) ;
#43 = ORIENTED_EDGE ( 'NONE', *, *, #572, .F. ) ;
#44 = EDGE_CURVE ( 'NONE', #1125, #301, #1332, .T. ) ;
#45 = DIRECTION ( 'NONE',  ( 0.0000000000000000000, 1.000000000000000000, -7.434529182757480500E-015 ) ) ;
#46 = EDGE_CURVE ( 'NONE', #1235, #991, #410, .T. ) ;
#47 = FACE_OUTER_BOUND ( 'NONE', #416, .T. ) ;
#49 = AXIS2_PLACEMENT_3D ( 'NONE', #1035, #1640, #83 ) ;
#48 = CARTESIAN_POINT ( 'NONE',  ( 217.2843164423672400, -13.77913091098106900, -28.47302339028575300 ) ) ;
#50 = ADVANCED_FACE ( 'NONE', ( #1233 ), #681, .T. ) ;
#51 = ORIENTED_EDGE ( 'NONE', *, *, #244, .T. ) ;
#52 = CARTESIAN_POINT ( 'NONE',  ( 216.2808250040315800, -15.53722731103599000, -29.44809349589032600 ) ) ;
#53 = ADVANCED_FACE ( 'NONE', ( #2003 ), #1161, .T. ) ;
#54 = ORIENTED_EDGE ( 'NONE', *, *, #1005, .F. ) ;
#55 = PRESENTATION_LAYER_ASSIGNMENT (  '', '', ( #1672 ) ) ;
#56 = DIRECTION ( 'NONE',  ( 0.9975640502598586100, -2.185855050170541100E-013, -0.06975647374363429200 ) ) ;
#57 = LINE ( 'NONE', #1532, #1679 ) ;
#58 = CARTESIAN_POINT ( 'NONE',  ( 220.0808250040313100, -15.63722731103664100, -29.29809349589002600 ) ) ;
#59 = ORIENTED_EDGE ( 'NONE', *, *, #375, .F. ) ;
#60 = B_SPLINE_CURVE_WITH_KNOTS ( 'NONE', 1,
 ( #1667, #586 ),
 .UNSPECIFIED., .F., .F.,
 ( 2, 2 ),
 ( -0.4696702932731967600, -5.551115123125782700E-017 ),
 .UNSPECIFIED. ) ;
#61 = EDGE_CURVE ( 'NONE', #181, #402, #1406, .T. ) ;
#62 = CARTESIAN_POINT ( 'NONE',  ( 217.9914124157249700, -14.43722731103620100, -28.49809349589006000 ) ) ;
#63 = ORIENTED_EDGE ( 'NONE', *, *, #1896, .F. ) ;
#64 = ORIENTED_EDGE ( 'NONE', *, *, #1726, .T. ) ;
#65 = LINE ( 'NONE', #1938, #456 ) ;
#66 = CARTESIAN_POINT ( 'NONE',  ( 221.1342128739854000, -13.33722731103668800, -29.24809349588884200 ) ) ;
#67 = ADVANCED_FACE ( 'NONE', ( #1442 ), #1660, .T. ) ;
#68 = ORIENTED_EDGE ( 'NONE', *, *, #1598, .F. ) ;
#69 = DIRECTION ( 'NONE',  ( -0.06975647374382498700, 0.0000000000000000000, -0.9975640502598451800 ) ) ;
#70 = CARTESIAN_POINT ( 'NONE',  ( 220.4196390435813000, -14.43722731103632900, -29.29809349588925100 ) ) ;
#71 = ADVANCED_FACE ( 'NONE', ( #986 ), #1965, .T. ) ;
#72 = PRODUCT_RELATED_PRODUCT_CATEGORY ( 'part', '', ( #282 ) ) ;
#73 = DIRECTION ( 'NONE',  ( 0.06975647374514550000, 0.0000000000000000000, -0.9975640502597530300 ) ) ;
#74 = CARTESIAN_POINT ( 'NONE',  ( 221.0851770061761100, -15.53722731103668400, -29.25786507039044400 ) ) ;
#75 = FACE_OUTER_BOUND ( 'NONE', #1374, .T. ) ;
#76 = CARTESIAN_POINT ( 'NONE',  ( 218.1200261588693900, -13.97552930713137300, -28.49809349589001400 ) ) ;
#77 = ADVANCED_FACE ( 'NONE', ( #792 ), #552, .T. ) ;
#78 = EDGE_CURVE ( 'NONE', #592, #959, #1053, .T. ) ;
#79 = DIRECTION ( 'NONE',  ( -0.06975647374426112400, -2.307330369017480200E-014, -0.9975640502598147600 ) ) ;
#80 = ORIENTED_EDGE ( 'NONE', *, *, #1662, .F. ) ;
#81 = DIRECTION ( 'NONE',  ( -1.000000000000000000, 0.0000000000000000000, -2.983318335375013400E-013 ) ) ;
#82 = AXIS2_PLACEMENT_3D ( 'NONE', #3, #1876, #1391 ) ;
#83 = DIRECTION ( 'NONE',  ( 0.06975647374270681200, 0.0000000000000000000, 0.9975640502599234500 ) ) ;
#84 = ORIENTED_EDGE ( 'NONE', *, *, #756, .T. ) ;
#85 = ORIENTED_EDGE ( 'NONE', *, *, #820, .F. ) ;
#86 = VERTEX_POINT ( 'NONE', #1017 ) ;
#87 = CARTESIAN_POINT ( 'NONE',  ( 220.4196390435810700, -15.83722731103666300, -29.29809349588923700 ) ) ;
#88 = LINE ( 'NONE', #1184, #1927 ) ;
#89 = B_SPLINE_CURVE_WITH_KNOTS ( 'NONE', 1,
 ( #672, #1963 ),
 .UNSPECIFIED., .F., .F.,
 ( 2, 2 ),
 ( -2.200000000000037500, 3.019806626980425800E-014 ),
 .UNSPECIFIED. ) ;
#90 = CARTESIAN_POINT ( 'NONE',  ( 221.4808250040317700, -13.33722731103666700, -29.44809349588850700 ) ) ;
#91 = EDGE_LOOP ( 'NONE', ( #545, #1280, #1423, #648 ) ) ;
#92 = DIRECTION ( 'NONE',  ( -1.000000000000000000, 0.0000000000000000000, -3.816391647149749100E-013 ) ) ;
#93 = LINE ( 'NONE', #964, #20 ) ;
#94 = EDGE_CURVE ( 'NONE', #798, #157, #1974, .T. ) ;
#95 = ORIENTED_EDGE ( 'NONE', *, *, #1130, .T. ) ;
#96 = CARTESIAN_POINT ( 'NONE',  ( 219.2348668525573300, -13.62083216808689600, -28.49809349588959500 ) ) ;
#97 = DIRECTION ( 'NONE',  ( -1.000000000000000000, 1.734723475976998200E-013, 0.0000000000000000000 ) ) ;
#98 = AXIS2_PLACEMENT_3D ( 'NONE', #1612, #1793, #997 ) ;
#99 = DIRECTION ( 'NONE',  ( 0.0000000000000000000, 1.000000000000000000, -7.885106708985243100E-015 ) ) ;
#100 = DIRECTION ( 'NONE',  ( 5.551115123135124800E-013, 0.0000000000000000000, -1.000000000000000000 ) ) ;
#101 = CARTESIAN_POINT ( 'NONE',  ( 216.2808250040315800, -15.53722731103598800, -29.29809349589061900 ) ) ;
#102 = CARTESIAN_POINT ( 'NONE',  ( 217.9816521930002900, -15.83722731103649100, -27.54809349589002900 ) ) ;
#103 = CARTESIAN_POINT ( 'NONE',  ( 217.9914124157249900, -14.38265834520274200, -28.49809349589006800 ) ) ;
#104 = ADVANCED_FACE ( 'NONE', ( #161 ), #1481, .T. ) ;
#105 = CARTESIAN_POINT ( 'NONE',  ( 218.8808250040306100, -14.43722731103629900, -26.20717620865816100 ) ) ;
#106 = EDGE_CURVE ( 'NONE', #1045, #449, #475, .T. ) ;
#107 = DIRECTION ( 'NONE',  ( -1.000000000000000000, 1.387778780781446400E-013, -5.551115123135124800E-013 ) ) ;
#108 = DIRECTION ( 'NONE',  ( -3.818435951597356100E-013, 6.825500524348140200E-014, 1.000000000000000000 ) ) ;
#109 = CARTESIAN_POINT ( 'NONE',  ( 220.4336437402720900, -13.03722731103657400, -27.74837356446336400 ) ) ;
#110 = EDGE_LOOP ( 'NONE', ( #1238, #330, #1650, #1190 ) ) ;
#111 = AXIS2_PLACEMENT_3D ( 'NONE', #1791, #854, #972 ) ;
#112 = CARTESIAN_POINT ( 'NONE',  ( 216.8497503607385100, -14.43722731103605700, -28.38832192138918800 ) ) ;
#113 = LINE ( 'NONE', #1919, #716 ) ;
#114 = SURFACE_STYLE_USAGE ( .BOTH. , #267 ) ;
#115 = ORIENTED_EDGE ( 'NONE', *, *, #12, .F. ) ;
#116 = LINE ( 'NONE', #888, #477 ) ;
#117 = VERTEX_POINT ( 'NONE', #1826 ) ;
#118 = ORIENTED_EDGE ( 'NONE', *, *, #863, .F. ) ;
#119 = CARTESIAN_POINT ( 'NONE',  ( 219.3167487904372000, -15.21308599638106400, -28.49809349588965500 ) ) ;
#120 = B_SPLINE_CURVE_WITH_KNOTS ( 'NONE', 1,
 ( #230, #239 ),
 .UNSPECIFIED., .F., .F.,
 ( 2, 2 ),
 ( -0.4696702932731114400, 0.0000000000000000000 ),
 .UNSPECIFIED. ) ;
#121 = ORIENTED_EDGE ( 'NONE', *, *, #1969, .F. ) ;
#122 = FACE_OUTER_BOUND ( 'NONE', #231, .T. ) ;
#123 = CARTESIAN_POINT ( 'NONE',  ( 220.4003600442944200, -14.80835045458985300, -28.34809349588909900 ) ) ;
#124 = DIRECTION ( 'NONE',  ( 0.0000000000000000000, 1.000000000000000000, -3.900829600983749000E-015 ) ) ;
#125 = EDGE_CURVE ( 'NONE', #1947, #1642, #120, .T. ) ;
#126 = CARTESIAN_POINT ( 'NONE',  ( 219.0992541359475500, -15.29988095908846900, -28.49809349588971200 ) ) ;
#127 = AXIS2_PLACEMENT_3D ( 'NONE', #102, #1028, #1967 ) ;
#128 = CARTESIAN_POINT ( 'NONE',  ( 217.2860695149272200, -15.53722731103612800, -28.49809349589084900 ) ) ;
#129 = CARTESIAN_POINT ( 'NONE',  ( 220.4755804931351700, -15.53722731103656700, -28.34809349588902100 ) ) ;
#130 = VECTOR ( 'NONE', #617, 1000.000000000000000 ) ;
#131 = CARTESIAN_POINT ( 'NONE',  ( 216.7995311651135600, -13.33722731103602800, -29.40786507039188500 ) ) ;
#132 = EDGE_CURVE ( 'NONE', #17, #1921, #597, .T. ) ;
#133 = CARTESIAN_POINT ( 'NONE',  ( 219.0970686076147200, -15.30811760543757500, -28.49809349588962700 ) ) ;
#134 = EDGE_LOOP ( 'NONE', ( #812, #1014 ) ) ;
#135 = ORIENTED_EDGE ( 'NONE', *, *, #1757, .F. ) ;
#136 = CARTESIAN_POINT ( 'NONE',  ( 216.6274371340784100, -15.53722731103601400, -29.29809349589050500 ) ) ;
#137 = ORIENTED_EDGE ( 'NONE', *, *, #483, .T. ) ;
#138 = VECTOR ( 'NONE', #806, 1000.000000000000200 ) ;
#139 = ORIENTED_EDGE ( 'NONE', *, *, #1641, .F. ) ;
#140 = CARTESIAN_POINT ( 'NONE',  ( 219.7702375923377600, -14.43722731103632200, -28.49809349588934600 ) ) ;
#141 = DIRECTION ( 'NONE',  ( 2.808597312708446800E-013, -3.900829600983749000E-015, -1.000000000000000000 ) ) ;
#142 = ORIENTED_EDGE ( 'NONE', *, *, #1651, .T. ) ;
#143 = ORIENTED_EDGE ( 'NONE', *, *, #1651, .F. ) ;
#144 = CIRCLE ( 'NONE', #1271, 0.8894125883062986600 ) ;
#145 = DIRECTION ( 'NONE',  ( -3.583368633727712400E-013, 9.462128050782411300E-015, 1.000000000000000000 ) ) ;
#146 = ORIENTED_EDGE ( 'NONE', *, *, #291, .T. ) ;
#147 = CARTESIAN_POINT ( 'NONE',  ( 216.6764730507447600, -15.53722731103606800, -29.25786482521279600 ) ) ;
#148 = CARTESIAN_POINT ( 'NONE',  ( 217.6808250040317300, -14.43722731103607900, -29.29809349589012900 ) ) ;
#149 = CARTESIAN_POINT ( 'NONE',  ( 216.9728085239648000, -13.33722756103603400, -28.53832192138977300 ) ) ;
#150 = DIRECTION ( 'NONE',  ( -3.078545103525076400E-013, 7.434529182757425300E-015, 1.000000000000000000 ) ) ;
#151 = DIRECTION ( 'NONE',  ( 0.0000000000000000000, 0.0000000000000000000, 1.000000000000000000 ) ) ;
#152 =( BOUNDED_CURVE ( )  B_SPLINE_CURVE ( 3, ( #594, #1695, #1871, #457 ),
 .UNSPECIFIED., .F., .T. ) 
 B_SPLINE_CURVE_WITH_KNOTS ( ( 4, 4 ),
 ( 5.002123933428094900, 5.020416870953226900 ),
 .UNSPECIFIED. ) 
 CURVE ( )  GEOMETRIC_REPRESENTATION_ITEM ( )  RATIONAL_B_SPLINE_CURVE ( ( 1.000000000000000000, 0.9999721142307980100, 0.9999721142307980100, 1.000000000000000000 ) ) 
 REPRESENTATION_ITEM ( '' )  );
#153 = PLANE ( 'NONE',  #252 ) ;
#154 = PLANE ( 'NONE',  #610 ) ;
#155 = DIRECTION ( 'NONE',  ( -1.000000000000000000, 0.0000000000000000000, -3.816391647149749100E-013 ) ) ;
#156 = EDGE_CURVE ( 'NONE', #766, #601, #665, .T. ) ;
#157 = VERTEX_POINT ( 'NONE', #407 ) ;
#158 = LINE ( 'NONE', #1945, #1719 ) ;
#159 = ORIENTED_EDGE ( 'NONE', *, *, #1149, .F. ) ;
#160 = CARTESIAN_POINT ( 'NONE',  ( 221.4808250040316600, -15.53722731103672000, -29.29809349588878200 ) ) ;
#161 = FACE_OUTER_BOUND ( 'NONE', #1179, .T. ) ;
#162 = VERTEX_POINT ( 'NONE', #1977 ) ;
#163 = ORIENTED_EDGE ( 'NONE', *, *, #514, .F. ) ;
#164 = CARTESIAN_POINT ( 'NONE',  ( 221.1342128739849200, -15.53722731103669700, -29.29809349588888500 ) ) ;
#165 = PLANE ( 'NONE',  #1195 ) ;
#166 = CIRCLE ( 'NONE', #1138, 0.05000000000005000400 ) ;
#167 = CARTESIAN_POINT ( 'NONE',  ( 220.7398056162895200, -14.43722731103661300, -28.49809349588959900 ) ) ;
#168 = CARTESIAN_POINT ( 'NONE',  ( 221.0851770061760200, -15.53722731103666800, -29.25786507039058600 ) ) ;
#169 = EDGE_CURVE ( 'NONE', #309, #1155, #324, .T. ) ;
#170 = CARTESIAN_POINT ( 'NONE',  ( 217.0717789855595200, -14.06610416748289800, -28.49809349589063600 ) ) ;
#171 = CARTESIAN_POINT ( 'NONE',  ( 216.9728084751066600, -15.53722731103609800, -28.53832216656857700 ) ) ;
#172 = VECTOR ( 'NONE', #689, 1000.000000000000000 ) ;
#173 = AXIS2_PLACEMENT_3D ( 'NONE', #535, #1948, #359 ) ;
#174 = B_SPLINE_CURVE_WITH_KNOTS ( 'NONE', 1,
 ( #1430, #16 ),
 .UNSPECIFIED., .F., .F.,
 ( 2, 2 ),
 ( -0.6763675287315509300, 2.831068712794149200E-014 ),
 .UNSPECIFIED. ) ;
#175 = CARTESIAN_POINT ( 'NONE',  ( 220.4336439902716600, -15.83722731103665600, -27.74837356446338900 ) ) ;
#176 = CARTESIAN_POINT ( 'NONE',  ( 219.7517152984428900, -14.22098370747166000, -28.49809349588938900 ) ) ;
#177 = DIRECTION ( 'NONE',  ( 1.640102195468965300E-013, 1.000000000000000000, -7.885106708985410300E-015 ) ) ;
#178 = ORIENTED_EDGE ( 'NONE', *, *, #1143, .T. ) ;
#179 = DIRECTION ( 'NONE',  ( 1.363281799769252400E-013, 1.000000000000000000, 0.0000000000000000000 ) ) ;
#180 = ORIENTED_EDGE ( 'NONE', *, *, #627, .F. ) ;
#181 = VERTEX_POINT ( 'NONE', #1696 ) ;
#182 = CARTESIAN_POINT ( 'NONE',  ( 217.9963618875539700, -14.54574302000209200, -28.49809349589002500 ) ) ;
#183 = LINE ( 'NONE', #463, #1646 ) ;
#184 = VERTEX_POINT ( 'NONE', #2017 ) ;
#185 = VERTEX_POINT ( 'NONE', #732 ) ;
#186 = CARTESIAN_POINT ( 'NONE',  ( 220.9621187940921100, -15.53722731103665700, -29.40786482521122400 ) ) ;
#187 = EDGE_CURVE ( 'NONE', #1063, #717, #1773, .T. ) ;
#188 = CARTESIAN_POINT ( 'NONE',  ( 221.4808250040317700, -13.33722731103668500, -29.29809349588879600 ) ) ;
#189 = EDGE_LOOP ( 'NONE', ( #1622, #715, #54, #922 ) ) ;
#190 = FACE_OUTER_BOUND ( 'NONE', #1256, .T. ) ;
#191 = ORIENTED_EDGE ( 'NONE', *, *, #1561, .F. ) ;
#192 = CARTESIAN_POINT ( 'NONE',  ( 221.1342128739848900, -15.53722731103668200, -29.24809349588889500 ) ) ;
#193 = EDGE_CURVE ( 'NONE', #1283, #747, #1832, .T. ) ;
#194 = DIRECTION ( 'NONE',  ( -3.700743415399535800E-013, -3.469446951937064500E-014, 1.000000000000000000 ) ) ;
#195 = DIRECTION ( 'NONE',  ( -0.9975640502598125400, 1.788584012727327300E-013, -0.06975647374429265500 ) ) ;
#196 = ORIENTED_EDGE ( 'NONE', *, *, #1890, .T. ) ;
#197 = ORIENTED_EDGE ( 'NONE', *, *, #443, .F. ) ;
#198 = CARTESIAN_POINT ( 'NONE',  ( 217.6808250040311900, -15.63722731103614500, -29.29809349589070400 ) ) ;
#199 = LINE ( 'NONE', #1147, #982 ) ;
#200 = EDGE_CURVE ( 'NONE', #793, #404, #238, .T. ) ;
#201 = CARTESIAN_POINT ( 'NONE',  ( 217.2860695149269100, -15.31572888180200400, -28.34809349589024000 ) ) ;
#202 = VERTEX_POINT ( 'NONE', #1367 ) ;
#203 = VECTOR ( 'NONE', #1245, 1000.000000000000100 ) ;
#204 = VERTEX_POINT ( 'NONE', #1703 ) ;
#205 = PLANE ( 'NONE',  #1578 ) ;
#206 = ORIENTED_EDGE ( 'NONE', *, *, #831, .F. ) ;
#207 = ADVANCED_FACE ( 'NONE', ( #746, #519 ), #1357, .T. ) ;
#208 = CARTESIAN_POINT ( 'NONE',  ( 220.7003600442945400, -14.43722731103661300, -28.49809349588961300 ) ) ;
#209 = PLANE ( 'NONE',  #499 ) ;
#210 = B_SPLINE_CURVE_WITH_KNOTS ( 'NONE', 1,
 ( #955, #186 ),
 .UNSPECIFIED., .F., .F.,
 ( 2, 2 ),
 ( -2.200000000000013500, 4.751754545395670000E-014 ),
 .UNSPECIFIED. ) ;
#211 = ADVANCED_FACE ( 'NONE', ( #1354 ), #1074, .T. ) ;
#212 = AXIS2_PLACEMENT_3D ( 'NONE', #1835, #1041, #398 ) ;
#213 = AXIS2_PLACEMENT_3D ( 'NONE', #1975, #1083, #1788 ) ;
#214 = CARTESIAN_POINT ( 'NONE',  ( 216.2808250040315800, -15.53722731103598800, -29.29809349589061900 ) ) ;
#215 = CARTESIAN_POINT ( 'NONE',  ( 217.9816521930007400, -13.03722731103611700, -27.54809349588990100 ) ) ;
#216 = CARTESIAN_POINT ( 'NONE',  ( 220.0808250040317900, -13.23722731103649000, -29.29809349589004000 ) ) ;
#217 = CARTESIAN_POINT ( 'NONE',  ( 220.4860695149270400, -13.77860827769722900, -28.49809324588943600 ) ) ;
#218 = EDGE_CURVE ( 'NONE', #593, #741, #116, .T. ) ;
#219 = DIRECTION ( 'NONE',  ( 0.06975647374429265500, 0.0000000000000000000, -0.9975640502598125400 ) ) ;
#220 = FACE_OUTER_BOUND ( 'NONE', #1828, .T. ) ;
#221 = ADVANCED_FACE ( 'NONE', ( #1721 ), #1224, .T. ) ;
#222 = PLANE ( 'NONE',  #471 ) ;
#223 = CARTESIAN_POINT ( 'NONE',  ( 220.0808250040313400, -14.43722731103656700, -29.29809349588936100 ) ) ;
#224 = CARTESIAN_POINT ( 'NONE',  ( 218.6072132591309900, -15.28401470795697200, -28.49809349588981900 ) ) ;
#225 = VERTEX_POINT ( 'NONE', #759 ) ;
#226 = CARTESIAN_POINT ( 'NONE',  ( 216.8497503607386200, -13.33722731103604400, -28.38832192138929900 ) ) ;
#227 = ORIENTED_EDGE ( 'NONE', *, *, #1685, .T. ) ;
#228 = PLANE ( 'NONE',  #1409 ) ;
#229 = FACE_OUTER_BOUND ( 'NONE', #750, .T. ) ;
#230 = CARTESIAN_POINT ( 'NONE',  ( 221.0111547107588300, -13.33722731103666200, -29.44809349588869900 ) ) ;
#231 = EDGE_LOOP ( 'NONE', ( #1183, #379, #1878, #1234, #745, #1493, #1647, #1479, #1205, #1471, #1744, #1226, #1574 ) ) ;
#232 = EDGE_CURVE ( 'NONE', #310, #2028, #13, .T. ) ;
#233 = CARTESIAN_POINT ( 'NONE',  ( 218.3441352825242300, -15.14893265281176600, -28.49809349588992200 ) ) ;
#234 = ORIENTED_EDGE ( 'NONE', *, *, #1451, .F. ) ;
#235 = LINE ( 'NONE', #600, #1112 ) ;
#236 = CARTESIAN_POINT ( 'NONE',  ( 218.8808250040315500, -13.54781472272985900, -28.49809349588973000 ) ) ;
#237 = ORIENTED_EDGE ( 'NONE', *, *, #1405, .F. ) ;
#238 =( BOUNDED_CURVE ( )  B_SPLINE_CURVE ( 3, ( #1363, #587, #1848, #426 ),
 .UNSPECIFIED., .F., .F. ) 
 B_SPLINE_CURVE_WITH_KNOTS ( ( 4, 4 ),
 ( 4.404361089816126700, 4.422654027341459400 ),
 .UNSPECIFIED. ) 
 CURVE ( )  GEOMETRIC_REPRESENTATION_ITEM ( )  RATIONAL_B_SPLINE_CURVE ( ( 1.000000000000000000, 0.9999721142307974600, 0.9999721142307974600, 1.000000000000000000 ) ) 
 REPRESENTATION_ITEM ( '' )  );
#239 = CARTESIAN_POINT ( 'NONE',  ( 221.4808250040317700, -13.33722731103666700, -29.44809349588850700 ) ) ;
#240 =( NAMED_UNIT ( * ) PLANE_ANGLE_UNIT ( ) SI_UNIT ( $, .RADIAN. ) );
#241 = AXIS2_PLACEMENT_3D ( 'NONE', #129, #448, #1216 ) ;
#242 = CARTESIAN_POINT ( 'NONE',  ( 221.1342128739848900, -15.53722731103667900, -29.24809349588889500 ) ) ;
#243 = CARTESIAN_POINT ( 'NONE',  ( 220.8628637795154900, -13.33722731103661000, -28.34809349588904200 ) ) ;
#244 = EDGE_CURVE ( 'NONE', #185, #1724, #1822, .T. ) ;
#245 = LINE ( 'NONE', #1767, #1580 ) ;
#246 = CARTESIAN_POINT ( 'NONE',  ( 219.5529206193276700, -13.85145020327555300, -28.49809349588958100 ) ) ;
#247 = CARTESIAN_POINT ( 'NONE',  ( 219.1815592922521900, -13.59969161513591400, -28.49809349588960900 ) ) ;
#248 = CARTESIAN_POINT ( 'NONE',  ( 218.6645814004640200, -13.56633701662647300, -28.49809349588981500 ) ) ;
#249 = ORIENTED_EDGE ( 'NONE', *, *, #1215, .T. ) ;
#250 = CARTESIAN_POINT ( 'NONE',  ( 221.4808250040316600, -15.53722731103672000, -29.29809349588878200 ) ) ;
#252 = AXIS2_PLACEMENT_3D ( 'NONE', #941, #574, #1869 ) ;
#251 = FILL_AREA_STYLE ('',( #1643 ) ) ;
#253 = ADVANCED_FACE ( 'NONE', ( #815 ), #2012, .T. ) ;
#254 = CARTESIAN_POINT ( 'NONE',  ( 219.7434786520815400, -14.21879817911711500, -28.49809349588953100 ) ) ;
#255 = ORIENTED_EDGE ( 'NONE', *, *, #1813, .F. ) ;
#256 = FACE_OUTER_BOUND ( 'NONE', #305, .T. ) ;
#257 = CARTESIAN_POINT ( 'NONE',  ( 219.0992541359463800, -13.57457366298397400, -28.49809349588964500 ) ) ;
#258 = ORIENTED_EDGE ( 'NONE', *, *, #1392, .T. ) ;
#259 = VECTOR ( 'NONE', #1261, 1000.000000000000200 ) ;
#260 = ORIENTED_EDGE ( 'NONE', *, *, #132, .F. ) ;
#261 = DIRECTION ( 'NONE',  ( 3.863939288425929900E-013, -4.279876556622241400E-014, -1.000000000000000000 ) ) ;
#262 = EDGE_LOOP ( 'NONE', ( #59, #762, #191, #1377 ) ) ;
#263 = EDGE_CURVE ( 'NONE', #892, #1086, #1626, .T. ) ;
#264 = CARTESIAN_POINT ( 'NONE',  ( 219.7799978150615100, -14.43722731103650000, -27.74837356446358400 ) ) ;
#265 = AXIS2_PLACEMENT_3D ( 'NONE', #1811, #372, #1002 ) ;
#266 = DIRECTION ( 'NONE',  ( -0.0000000000000000000, 1.000000000000000000, -2.349529270218430500E-014 ) ) ;
#267 = SURFACE_SIDE_STYLE ('',( #951 ) ) ;
#268 = CARTESIAN_POINT ( 'NONE',  ( 220.4860695149270400, -13.77860827769722900, -28.49809324588943600 ) ) ;
#269 = CARTESIAN_POINT ( 'NONE',  ( 219.1815592922530100, -15.27476300693665900, -28.49809349588968400 ) ) ;
#270 = VECTOR ( 'NONE', #23, 999.9999999999998900 ) ;
#271 = DIRECTION ( 'NONE',  ( -1.000000000000000000, 0.0000000000000000000, -3.816391647149042800E-013 ) ) ;
#272 = EDGE_CURVE ( 'NONE', #1235, #1804, #57, .T. ) ;
#273 = CARTESIAN_POINT ( 'NONE',  ( 218.8262560381979300, -13.54781472272980400, -28.49809349588979400 ) ) ;
#274 = CARTESIAN_POINT ( 'NONE',  ( 219.3425230079329800, -15.19802615620017900, -28.49809349588964800 ) ) ;
#275 = VERTEX_POINT ( 'NONE', #1546 ) ;
#276 = CARTESIAN_POINT ( 'NONE',  ( 218.8808250040306100, -14.43722731103629900, -26.20717620865815800 ) ) ;
#277 = CYLINDRICAL_SURFACE ( 'NONE', #1803, 0.04999999999993898200 ) ;
#278 = DIRECTION ( 'NONE',  ( -1.000000000000000000, 0.0000000000000000000, -3.874215763015206100E-013 ) ) ;
#279 = MECHANICAL_DESIGN_GEOMETRIC_PRESENTATION_REPRESENTATION (  '', ( #524 ), #2007 ) ;
#280 = EDGE_LOOP ( 'NONE', ( #308, #142, #1251, #869, #753, #1504, #516, #1044 ) ) ;
#281 = LINE ( 'NONE', #1356, #1178 ) ;
#282 = PRODUCT ( 'AA3528-09', 'AA3528-09', '', ( #1329 ) ) ;
#283 = ORIENTED_EDGE ( 'NONE', *, *, #232, .F. ) ;
#284 = ORIENTED_EDGE ( 'NONE', *, *, #508, .T. ) ;
#285 = VERTEX_POINT ( 'NONE', #1514 ) ;
#286 = VECTOR ( 'NONE', #861, 1000.000000000000000 ) ;
#287 = DIRECTION ( 'NONE',  ( 3.214869249023030900E-013, -5.580904294267322200E-015, -1.000000000000000000 ) ) ;
#288 = CARTESIAN_POINT ( 'NONE',  ( 218.8808250040314900, -13.54781472272981100, -28.49809349588978000 ) ) ;
#289 = VERTEX_POINT ( 'NONE', #613 ) ;
#290 = CARTESIAN_POINT ( 'NONE',  ( 217.9816521930002900, -14.43722731103630400, -27.54809349589004000 ) ) ;
#291 = EDGE_CURVE ( 'NONE', #1923, #588, #1880, .T. ) ;
#292 = CARTESIAN_POINT ( 'NONE',  ( 218.8808250040313500, -14.43722731103641400, -28.49809349588971900 ) ) ;
#293 = CARTESIAN_POINT ( 'NONE',  ( 220.4860695149270400, -13.77860827769722900, -28.49809324588943600 ) ) ;
#294 = ORIENTED_EDGE ( 'NONE', *, *, #193, .F. ) ;
#295 = CIRCLE ( 'NONE', #1563, 0.2999999999999947200 ) ;
#296 = EDGE_CURVE ( 'NONE', #225, #1307, #378, .T. ) ;
#297 = CARTESIAN_POINT ( 'NONE',  ( 217.3420109644819100, -15.35114462113200400, -29.29809349589026700 ) ) ;
#298 = UNCERTAINTY_MEASURE_WITH_UNIT (LENGTH_MEASURE( 1.000000000000000100E-005 ), #399, 'distance_accuracy_value', 'NONE');
#299 = EDGE_LOOP ( 'NONE', ( #373, #1136, #1840, #722 ) ) ;
#300 = CARTESIAN_POINT ( 'NONE',  ( 217.0218443917738700, -13.33722731103607200, -28.49809349589094900 ) ) ;
#301 = VERTEX_POINT ( 'NONE', #1242 ) ;
#302 = DIRECTION ( 'NONE',  ( 1.000000000000000000, -1.387778780781427800E-013, 0.0000000000000000000 ) ) ;
#303 = AXIS2_PLACEMENT_3D ( 'NONE', #1560, #1432, #1102 ) ;
#304 = LINE ( 'NONE', #532, #1085 ) ;
#305 = EDGE_LOOP ( 'NONE', ( #115, #85, #19, #1225 ) ) ;
#306 = CARTESIAN_POINT ( 'NONE',  ( 219.6416238491926500, -14.89892531494124700, -28.49809349588942500 ) ) ;
#307 = VECTOR ( 'NONE', #1986, 1000.000000000000000 ) ;
#308 = ORIENTED_EDGE ( 'NONE', *, *, #1327, .F. ) ;
#309 = VERTEX_POINT ( 'NONE', #1557 ) ;
#310 = VERTEX_POINT ( 'NONE', #1100 ) ;
#311 = ORIENTED_EDGE ( 'NONE', *, *, #1336, .T. ) ;
#312 = EDGE_CURVE ( 'NONE', #1698, #377, #916, .T. ) ;
#313 = DIRECTION ( 'NONE',  ( 2.441414442628273300E-013, 1.000000000000000000, 2.408871012441052500E-014 ) ) ;
#314 = CARTESIAN_POINT ( 'NONE',  ( 219.7504397050211900, -14.62572980067840700, -28.49809349588939300 ) ) ;
#315 = DIRECTION ( 'NONE',  ( -1.000000000000000000, 1.387778780780057800E-013, -6.938893903900288900E-014 ) ) ;
#316 = AXIS2_PLACEMENT_3D ( 'NONE', #1784, #1003, #713 ) ;
#317 = AXIS2_PLACEMENT_3D ( 'NONE', #1785, #1949, #1632 ) ;
#318 = DIRECTION ( 'NONE',  ( -1.387778780781420200E-013, -1.000000000000000000, 3.154042683594136800E-015 ) ) ;
#319 = DIRECTION ( 'NONE',  ( 1.341150771934261500E-013, 1.000000000000000000, 1.100263670690383600E-013 ) ) ;
#320 = FACE_OUTER_BOUND ( 'NONE', #332, .T. ) ;
#321 = CARTESIAN_POINT ( 'NONE',  ( 220.7888414840979300, -15.53722731103664100, -28.53832192138742800 ) ) ;
#322 = CARTESIAN_POINT ( 'NONE',  ( 217.9816521930008800, -13.03722731103610900, -27.54809349589002900 ) ) ;
#323 = DIRECTION ( 'NONE',  ( -3.822813008964512900E-013, 1.170248880295189500E-014, 1.000000000000000000 ) ) ;
#324 = B_SPLINE_CURVE_WITH_KNOTS ( 'NONE', 3,
 ( #1033, #723, #885, #1668, #1637, #1009, #392, #1473, #700, #744, #1056, #444, #737, #898, #1522, #1220, #273, #288 ),
 .UNSPECIFIED., .F., .F.,
 ( 4, 2, 2, 2, 2, 2, 2, 2, 4 ),
 ( 0.0000000000000000000, 0.2500000000000381400, 0.5000000000000762700, 0.6250000000000953700, 0.6875000000000796000, 0.7500000000000637300, 0.8125000000000479600, 0.8750000000000322000, 1.000000000000000000 ),
 .UNSPECIFIED. ) ;
#325 = CARTESIAN_POINT ( 'NONE',  ( 219.5529206193365300, -15.02300441878838000, -28.49809349588946000 ) ) ;
#326 = ORIENTED_EDGE ( 'NONE', *, *, #831, .T. ) ;
#327 = ORIENTED_EDGE ( 'NONE', *, *, #1510, .T. ) ;
#328 = CARTESIAN_POINT ( 'NONE',  ( 217.3280060177902200, -15.83722731103609900, -27.74837356446434800 ) ) ;
#329 = LINE ( 'NONE', #2037, #767 ) ;
#330 = ORIENTED_EDGE ( 'NONE', *, *, #1715, .T. ) ;
#331 = ORIENTED_EDGE ( 'NONE', *, *, #1613, .F. ) ;
#332 = EDGE_LOOP ( 'NONE', ( #311, #1954, #39, #685 ) ) ;
#333 = LINE ( 'NONE', #1454, #286 ) ;
#334 = ORIENTED_EDGE ( 'NONE', *, *, #1451, .T. ) ;
#335 = CARTESIAN_POINT ( 'NONE',  ( 216.6274371340780900, -15.53722731103603400, -29.24809349589041600 ) ) ;
#336 = DIRECTION ( 'NONE',  ( -1.000000000000000000, -0.0000000000000000000, -3.941705497102743800E-013 ) ) ;
#337 = EDGE_CURVE ( 'NONE', #588, #1833, #1704, .T. ) ;
#338 = CARTESIAN_POINT ( 'NONE',  ( 220.4808250040313700, -13.33722756103658300, -28.42309349588903800 ) ) ;
#339 = CARTESIAN_POINT ( 'NONE',  ( 216.7504952973047800, -13.33722756103600600, -29.44809349589020900 ) ) ;
#340 = DIRECTION ( 'NONE',  ( -0.0000000000000000000, -1.000000000000000000, 9.462128050782371900E-015 ) ) ;
#341 = CARTESIAN_POINT ( 'NONE',  ( 218.9353939698639000, -13.54781472272985900, -28.49809349588971200 ) ) ;
#342 = CARTESIAN_POINT ( 'NONE',  ( 219.7799978150617900, -13.03722731103641100, -27.54809349588947500 ) ) ;
#343 = DIRECTION ( 'NONE',  ( -3.214869249023030900E-013, 5.580904294267322200E-015, 1.000000000000000000 ) ) ;
#344 = EDGE_CURVE ( 'NONE', #1428, #798, #573, .T. ) ;
#345 = ORIENTED_EDGE ( 'NONE', *, *, #291, .F. ) ;
#346 = CARTESIAN_POINT ( 'NONE',  ( 216.8987862285474600, -13.33722731103604700, -28.34809349589043800 ) ) ;
#347 = ORIENTED_EDGE ( 'NONE', *, *, #1034, .T. ) ;
#348 = DIRECTION ( 'NONE',  ( -1.000000000000000000, 2.428612866370493500E-013, 0.0000000000000000000 ) ) ;
#349 = SURFACE_STYLE_FILL_AREA ( #1565 ) ;
#350 = EDGE_LOOP ( 'NONE', ( #1109, #918, #1906, #760 ) ) ;
#351 = VECTOR ( 'NONE', #1996, 1000.000000000000000 ) ;
#352 = CARTESIAN_POINT ( 'NONE',  ( 216.7504952973047800, -13.33722731103603800, -29.39809349588987800 ) ) ;
#353 = ORIENTED_EDGE ( 'NONE', *, *, #1702, .T. ) ;
#354 = EDGE_CURVE ( 'NONE', #821, #1653, #329, .T. ) ;
#355 = ORIENTED_EDGE ( 'NONE', *, *, #522, .F. ) ;
#356 = LINE ( 'NONE', #857, #527 ) ;
#357 = ORIENTED_EDGE ( 'NONE', *, *, #992, .F. ) ;
#358 = DIRECTION ( 'NONE',  ( -0.06975647374447305200, 0.0000000000000000000, 0.9975640502597999900 ) ) ;
#359 = DIRECTION ( 'NONE',  ( -1.000000000000000000, 2.428612866367797500E-013, -1.387778780781598400E-013 ) ) ;
#360 = CARTESIAN_POINT ( 'NONE',  ( 217.6808250040317300, -14.43722731103607900, -29.29809349589012900 ) ) ;
#361 = B_SPLINE_CURVE_WITH_KNOTS ( 'NONE', 3,
 ( #1331, #560, #401, #1170, #1176, #246, #702, #393, #879, #1498, #1189, #1980, #1490, #254, #1805, #1478, #864, #1484 ),
 .UNSPECIFIED., .F., .F.,
 ( 4, 2, 2, 2, 2, 2, 2, 2, 4 ),
 ( 0.0000000000000000000, 0.2499999999999988300, 0.4999999999999976700, 0.6249999999999758000, 0.6874999999999791300, 0.7499999999999825700, 0.8124999999999859000, 0.8749999999999892300, 1.000000000000000000 ),
 .UNSPECIFIED. ) ;
#362 = CARTESIAN_POINT ( 'NONE',  ( 216.8497503607386000, -13.33722731103601000, -28.38832192138918500 ) ) ;
#363 = ADVANCED_FACE ( 'NONE', ( #1567 ), #1566, .T. ) ;
#364 = EDGE_CURVE ( 'NONE', #310, #162, #1749, .T. ) ;
#365 = ADVANCED_FACE ( 'NONE', ( #1254 ), #844, .F. ) ;
#367 = AXIS2_PLACEMENT_3D ( 'NONE', #1488, #56, #1306 ) ;
#366 = CARTESIAN_POINT ( 'NONE',  ( 221.0111547107586600, -15.53722731103668200, -29.39809349588869800 ) ) ;
#368 = LINE ( 'NONE', #1275, #1846 ) ;
#369 = CARTESIAN_POINT ( 'NONE',  ( 218.1656502021478200, -14.97976509782434500, -28.49809349588998600 ) ) ;
#370 = DIRECTION ( 'NONE',  ( 1.000000000000000000, -0.0000000000000000000, 2.888742449314737600E-013 ) ) ;
#371 = ADVANCED_FACE ( 'NONE', ( #1284 ), #165, .T. ) ;
#372 = DIRECTION ( 'NONE',  ( 3.818435951597356100E-013, -6.825500524348140200E-014, -1.000000000000000000 ) ) ;
#373 = ORIENTED_EDGE ( 'NONE', *, *, #25, .T. ) ;
#374 = CARTESIAN_POINT ( 'NONE',  ( 217.6808250040319000, -13.23722731103624500, -29.29809349589009300 ) ) ;
#375 = EDGE_CURVE ( 'NONE', #1683, #748, #1590, .T. ) ;
#376 = CARTESIAN_POINT ( 'NONE',  ( 220.4336437402720900, -13.03722731103657400, -27.74837356446336400 ) ) ;
#377 = VERTEX_POINT ( 'NONE', #1717 ) ;
#378 = LINE ( 'NONE', #486, #618 ) ;
#379 = ORIENTED_EDGE ( 'NONE', *, *, #35, .F. ) ;
#380 = CARTESIAN_POINT ( 'NONE',  ( 221.1342128739850600, -13.33722731103668300, -29.29809349588889600 ) ) ;
#381 = VERTEX_POINT ( 'NONE', #175 ) ;
#382 = CARTESIAN_POINT ( 'NONE',  ( 218.8808250040310400, -15.83722731103633100, -27.74837356446413100 ) ) ;
#383 = ORIENTED_EDGE ( 'NONE', *, *, #903, .T. ) ;
#384 = ORIENTED_EDGE ( 'NONE', *, *, #244, .F. ) ;
#385 = CARTESIAN_POINT ( 'NONE',  ( 216.6764730018871600, -13.33722731103601300, -29.25786507039187300 ) ) ;
#386 = CIRCLE ( 'NONE', #1914, 0.2999999999999947200 ) ;
#387 = CARTESIAN_POINT ( 'NONE',  ( 218.8262560381989500, -15.32663989934278700, -28.49809349588973000 ) ) ;
#388 = ORIENTED_EDGE ( 'NONE', *, *, #877, .T. ) ;
#389 = CARTESIAN_POINT ( 'NONE',  ( 218.0432893081317000, -14.13649302281261600, -28.49809349589004600 ) ) ;
#390 = B_SPLINE_CURVE_WITH_KNOTS ( 'NONE', 1,
 ( #1940, #1453 ),
 .UNSPECIFIED., .F., .F.,
 ( 2, 2 ),
 ( -0.3466121300465943000, 3.410605131648480900E-013 ),
 .UNSPECIFIED. ) ;
#391 = CARTESIAN_POINT ( 'NONE',  ( 220.9118996473243300, -13.33722731103662800, -28.38832192138736900 ) ) ;
#392 = CARTESIAN_POINT ( 'NONE',  ( 218.3441352825257100, -13.72552196926006100, -28.49809349588993300 ) ) ;
#393 = CARTESIAN_POINT ( 'NONE',  ( 219.6416238491946200, -13.97552930713187000, -28.49809349588957000 ) ) ;
#394 = CARTESIAN_POINT ( 'NONE',  ( 219.4666021117843400, -13.76513169573245900, -28.49809349588950600 ) ) ;
#395 = DIRECTION ( 'NONE',  ( 1.784287003861834200E-013, 1.000000000000000000, 1.239088197126273800E-014 ) ) ;
#396 = VECTOR ( 'NONE', #1401, 1000.000000000000000 ) ;
#397 = CARTESIAN_POINT ( 'NONE',  ( 217.0717789855594300, -14.06610416748289300, -28.34809349589034300 ) ) ;
#398 = DIRECTION ( 'NONE',  ( -0.06975647374374204000, 0.0000000000000000000, -0.9975640502598510700 ) ) ;
#399 =( LENGTH_UNIT ( ) NAMED_UNIT ( * ) SI_UNIT ( .MILLI., .METRE. ) );
#400 = ADVANCED_FACE ( 'NONE', ( #501 ), #1087, .F. ) ;
#401 = CARTESIAN_POINT ( 'NONE',  ( 219.0970686075922100, -13.56633701662225600, -28.49809349588971900 ) ) ;
#402 = VERTEX_POINT ( 'NONE', #1114 ) ;
#403 = DIRECTION ( 'NONE',  ( -1.513940488125195200E-013, -1.000000000000000000, 7.885106708985393000E-015 ) ) ;
#404 = VERTEX_POINT ( 'NONE', #797 ) ;
#405 = DIRECTION ( 'NONE',  ( -0.0000000000000000000, -1.000000000000000000, 9.462128050782417600E-015 ) ) ;
#406 = VECTOR ( 'NONE', #434, 1000.000000000000000 ) ;
#407 = CARTESIAN_POINT ( 'NONE',  ( 220.4808249865918700, -15.83722731103667800, -28.42309324649845700 ) ) ;
#408 = ORIENTED_EDGE ( 'NONE', *, *, #945, .F. ) ;
#409 = EDGE_CURVE ( 'NONE', #1653, #479, #1540, .T. ) ;
#410 = CIRCLE ( 'NONE', #111, 0.05000000000005694300 ) ;
#411 = EDGE_LOOP ( 'NONE', ( #1420, #913, #553, #500 ) ) ;
#412 = ORIENTED_EDGE ( 'NONE', *, *, #2013, .T. ) ;
#413 = VECTOR ( 'NONE', #1064, 1000.000000000000000 ) ;
#414 =( NAMED_UNIT ( * ) PLANE_ANGLE_UNIT ( ) SI_UNIT ( $, .RADIAN. ) );
#415 = ADVANCED_FACE ( 'NONE', ( #871 ), #1953, .F. ) ;
#416 = EDGE_LOOP ( 'NONE', ( #614, #435, #1394, #478 ) ) ;
#417 = CARTESIAN_POINT ( 'NONE',  ( 220.0808250040313100, -15.63722731103664100, -29.29809349589002600 ) ) ;
#418 = CARTESIAN_POINT ( 'NONE',  ( 218.8808250040306100, -14.43722731103629900, -26.20717620865815800 ) ) ;
#419 = PLANE ( 'NONE',  #49 ) ;
#420 = AXIS2_PLACEMENT_3D ( 'NONE', #1123, #981, #1763 ) ;
#421 = SURFACE_STYLE_USAGE ( .BOTH. , #1180 ) ;
#422 = CARTESIAN_POINT ( 'NONE',  ( 217.6808250040315300, -14.43722731103607900, -29.29809349589072200 ) ) ;
#423 = EDGE_CURVE ( 'NONE', #1086, #1700, #1915, .T. ) ;
#424 = CIRCLE ( 'NONE', #603, 0.04999999999993898200 ) ;
#425 = CARTESIAN_POINT ( 'NONE',  ( 218.8808250040311500, -15.32663989934283500, -28.49809349588977300 ) ) ;
#426 = CARTESIAN_POINT ( 'NONE',  ( 217.2860695149271900, -15.09584634437563900, -28.49809349589086000 ) ) ;
#427 = PRODUCT_DEFINITION ( 'UNKNOWN', '', #738, #1197 ) ;
#428 = ORIENTED_EDGE ( 'NONE', *, *, #584, .F. ) ;
#429 = UNCERTAINTY_MEASURE_WITH_UNIT (LENGTH_MEASURE( 1.000000000000000100E-005 ), #952, 'distance_accuracy_value', 'NONE');
#430 = AXIS2_PLACEMENT_3D ( 'NONE', #1551, #921, #151 ) ;
#431 = VERTEX_POINT ( 'NONE', #1823 ) ;
#432 = LINE ( 'NONE', #1674, #351 ) ;
#433 = ORIENTED_EDGE ( 'NONE', *, *, #974, .F. ) ;
#434 = DIRECTION ( 'NONE',  ( 4.157514396699375300E-013, 0.0000000000000000000, -1.000000000000000000 ) ) ;
#435 = ORIENTED_EDGE ( 'NONE', *, *, #1249, .T. ) ;
#436 = VECTOR ( 'NONE', #340, 1000.000000000000000 ) ;
#437 = ORIENTED_EDGE ( 'NONE', *, *, #496, .T. ) ;
#438 = AXIS2_PLACEMENT_3D ( 'NONE', #858, #686, #1191 ) ;
#439 = CARTESIAN_POINT ( 'NONE',  ( 218.8808250040318100, -13.23722731103624800, -29.29809349589038100 ) ) ;
#440 = CARTESIAN_POINT ( 'NONE',  ( 218.9892885118449600, -15.32663989934278900, -28.49809349588967700 ) ) ;
#441 = CYLINDRICAL_SURFACE ( 'NONE', #1939, 0.04999999999999449300 ) ;
#442 = CARTESIAN_POINT ( 'NONE',  ( 217.9816521930005100, -15.83722731103610900, -27.74837356446414600 ) ) ;
#443 = EDGE_CURVE ( 'NONE', #643, #1875, #60, .T. ) ;
#444 = CARTESIAN_POINT ( 'NONE',  ( 218.5800907158086900, -13.59969161513625300, -28.49809349588985800 ) ) ;
#445 = CARTESIAN_POINT ( 'NONE',  ( 220.7003600442945700, -14.06610416748341800, -28.42309349588935400 ) ) ;
#446 = EDGE_LOOP ( 'NONE', ( #1264, #1324, #408, #258 ) ) ;
#447 = CARTESIAN_POINT ( 'NONE',  ( 217.0218443917735300, -15.53722731103610300, -28.49809349589092700 ) ) ;
#448 = DIRECTION ( 'NONE',  ( -1.501335652909240500E-013, -1.000000000000000000, 9.462128050785446900E-015 ) ) ;
#449 = VERTEX_POINT ( 'NONE', #1690 ) ;
#450 = B_SPLINE_CURVE_WITH_KNOTS ( 'NONE', 1,
 ( #1577, #645 ),
 .UNSPECIFIED., .F., .F.,
 ( 2, 2 ),
 ( -0.8771366608207953300, 3.963496197911808800E-014 ),
 .UNSPECIFIED. ) ;
#451 = ORIENTED_EDGE ( 'NONE', *, *, #1095, .T. ) ;
#452 = CARTESIAN_POINT ( 'NONE',  ( 220.7003600442944800, -14.80835045458980800, -28.34809349588909200 ) ) ;
#453 = VECTOR ( 'NONE', #752, 1000.000000000000000 ) ;
#454 = DIRECTION ( 'NONE',  ( 1.000000000000000000, 0.0000000000000000000, 3.583368633727712400E-013 ) ) ;
#455 = EDGE_CURVE ( 'NONE', #1683, #601, #88, .T. ) ;
#456 = VECTOR ( 'NONE', #990, 1000.000000000000000 ) ;
#457 = CARTESIAN_POINT ( 'NONE',  ( 217.2808250040315000, -13.78022416950441100, -28.42309349589055500 ) ) ;
#458 = CARTESIAN_POINT ( 'NONE',  ( 219.7183606999290100, -14.73796159926746800, -28.49809349588939600 ) ) ;
#459 = ORIENTED_EDGE ( 'NONE', *, *, #655, .F. ) ;
#460 = CARTESIAN_POINT ( 'NONE',  ( 217.9816521930003100, -15.83722731103609900, -27.64823353017709100 ) ) ;
#461 = CARTESIAN_POINT ( 'NONE',  ( 218.8808250040311500, -15.32663989934283500, -28.49809349588977300 ) ) ;
#462 = AXIS2_PLACEMENT_3D ( 'NONE', #1050, #585, #278 ) ;
#463 = CARTESIAN_POINT ( 'NONE',  ( 217.0717789855595500, -14.43722731103610400, -28.49809349589092400 ) ) ;
#464 = CARTESIAN_POINT ( 'NONE',  ( 219.4233627908131200, -15.15240211292485900, -28.49809349588951300 ) ) ;
#465 = CARTESIAN_POINT ( 'NONE',  ( 217.2808250040312400, -15.53722731103612300, -28.42309349589051600 ) ) ;
#466 = DIRECTION ( 'NONE',  ( -0.1954314900338874300, 3.913028175784380900E-014, 0.9807173561751289000 ) ) ;
#467 = CARTESIAN_POINT ( 'NONE',  ( 217.3420109644820300, -14.43722731103600900, -29.29809349589026000 ) ) ;
#468 = EDGE_CURVE ( 'NONE', #814, #1873, #1649, .T. ) ;
#469 = CARTESIAN_POINT ( 'NONE',  ( 218.8808250040314100, -14.43722731103630800, -28.49809349588969500 ) ) ;
#470 = ORIENTED_EDGE ( 'NONE', *, *, #44, .F. ) ;
#471 = AXIS2_PLACEMENT_3D ( 'NONE', #1160, #1007, #73 ) ;
#472 = CIRCLE ( 'NONE', #956, 0.04999999999999449300 ) ;
#473 = ORIENTED_EDGE ( 'NONE', *, *, #364, .T. ) ;
#474 = PLANE ( 'NONE',  #1222 ) ;
#475 = B_SPLINE_CURVE_WITH_KNOTS ( 'NONE', 1,
 ( #74, #1166 ),
 .UNSPECIFIED., .F., .F.,
 ( 2, 2 ),
 ( -2.200000000000066300, 2.442490654175344400E-014 ),
 .UNSPECIFIED. ) ;
#476 = CARTESIAN_POINT ( 'NONE',  ( 219.6841940478362000, -14.82004870586983500, -28.49809349588941000 ) ) ;
#477 = VECTOR ( 'NONE', #1677, 1000.000000000000000 ) ;
#478 = ORIENTED_EDGE ( 'NONE', *, *, #1530, .F. ) ;
#479 = VERTEX_POINT ( 'NONE', #128 ) ;
#480 = CARTESIAN_POINT ( 'NONE',  ( 220.4860695149268100, -15.09584609437602200, -28.49809349588915800 ) ) ;
#481 = ORIENTED_EDGE ( 'NONE', *, *, #1738, .F. ) ;
#482 = VECTOR ( 'NONE', #1080, 1000.000000000000000 ) ;
#483 = EDGE_CURVE ( 'NONE', #404, #479, #432, .T. ) ;
#484 = ORIENTED_EDGE ( 'NONE', *, *, #1969, .T. ) ;
#485 = CARTESIAN_POINT ( 'NONE',  ( 217.2808250040312700, -15.31572888180201100, -28.42309349589051200 ) ) ;
#486 = CARTESIAN_POINT ( 'NONE',  ( 218.8808250040316100, -13.03722731103632000, -27.74837356446437700 ) ) ;
#487 = CARTESIAN_POINT ( 'NONE',  ( 221.0851769573185400, -13.33722731103664200, -29.25786482521124700 ) ) ;
#488 = AXIS2_PLACEMENT_3D ( 'NONE', #1419, #949, #494 ) ;
#489 = DIRECTION ( 'NONE',  ( 0.0000000000000000000, 1.000000000000000000, -0.0000000000000000000 ) ) ;
#490 = FACE_OUTER_BOUND ( 'NONE', #1474, .T. ) ;
#491 = CARTESIAN_POINT ( 'NONE',  ( 218.6645814004704400, -15.30811760545039300, -28.49809349588983300 ) ) ;
#492 = ORIENTED_EDGE ( 'NONE', *, *, #1598, .T. ) ;
#493 = ORIENTED_EDGE ( 'NONE', *, *, #44, .T. ) ;
#494 = DIRECTION ( 'NONE',  ( 0.0000000000000000000, 2.428612866364764200E-013, 1.000000000000000000 ) ) ;
#495 = EDGE_LOOP ( 'NONE', ( #331, #484, #1496, #1132 ) ) ;
#496 = EDGE_CURVE ( 'NONE', #814, #1153, #1182, .T. ) ;
#497 = CYLINDRICAL_SURFACE ( 'NONE', #1115, 0.04999999999993898200 ) ;
#498 = CARTESIAN_POINT ( 'NONE',  ( 217.6808250040318200, -14.43722731103632600, -29.29809349589027800 ) ) ;
#499 = AXIS2_PLACEMENT_3D ( 'NONE', #1597, #673, #660 ) ;
#500 = ORIENTED_EDGE ( 'NONE', *, *, #508, .F. ) ;
#501 = FACE_OUTER_BOUND ( 'NONE', #1038, .T. ) ;
#502 = CARTESIAN_POINT ( 'NONE',  ( 218.1691196622460900, -14.97391703252845500, -28.49809349588997200 ) ) ;
#503 = ORIENTED_EDGE ( 'NONE', *, *, #765, .F. ) ;
#504 = CIRCLE ( 'NONE', #1476, 0.3000000000001057400 ) ;
#505 = EDGE_LOOP ( 'NONE', ( #1369, #1517, #493, #1437, #688, #725, #1955, #1979, #1113, #1932, #1657, #1289 ) ) ;
#506 = DIRECTION ( 'NONE',  ( 1.000000000000000000, 0.0000000000000000000, 3.237780195086855500E-013 ) ) ;
#507 = CARTESIAN_POINT ( 'NONE',  ( 218.8808250040317200, -14.43722731103632600, -29.29809349588981200 ) ) ;
#508 = EDGE_CURVE ( 'NONE', #991, #959, #719, .T. ) ;
#509 = CARTESIAN_POINT ( 'NONE',  ( 216.7504952973047800, -13.33722756103600600, -29.44809349589020900 ) ) ;
#510 = B_SPLINE_CURVE_WITH_KNOTS ( 'NONE', 1,
 ( #1548, #1699 ),
 .UNSPECIFIED., .F., .F.,
 ( 2, 2 ),
 ( -2.199999999999990000, 6.217248937900876600E-015 ),
 .UNSPECIFIED. ) ;
#511 = CARTESIAN_POINT ( 'NONE',  ( 217.3420109644823100, -13.03722731103601100, -29.29809349589024200 ) ) ;
#512 = ADVANCED_FACE ( 'NONE', ( #568 ), #1587, .F. ) ;
#513 = CARTESIAN_POINT ( 'NONE',  ( 218.8808250040318100, -13.23722731103649200, -29.29809349588974900 ) ) ;
#514 = EDGE_CURVE ( 'NONE', #1465, #1718, #281, .T. ) ;
#515 = DIRECTION ( 'NONE',  ( -0.9807173561752710000, 1.413412674053142500E-013, 0.1954314900331744800 ) ) ;
#516 = ORIENTED_EDGE ( 'NONE', *, *, #1345, .T. ) ;
#517 = CARTESIAN_POINT ( 'NONE',  ( 220.7888414840982400, -13.33722731103661600, -28.53832192138740400 ) ) ;
#518 = VERTEX_POINT ( 'NONE', #1055 ) ;
#519 = FACE_OUTER_BOUND ( 'NONE', #110, .T. ) ;
#520 = DIRECTION ( 'NONE',  ( 2.441414442628273300E-013, 1.000000000000000000, 2.408871012441052500E-014 ) ) ;
#521 = ORIENTED_EDGE ( 'NONE', *, *, #1896, .T. ) ;
#522 = EDGE_CURVE ( 'NONE', #1502, #1307, #1013, .T. ) ;
#523 = CARTESIAN_POINT ( 'NONE',  ( 218.6923225143848400, -15.30684201202613800, -28.49809349588978300 ) ) ;
#524 = STYLED_ITEM ( 'NONE', ( #1606 ), #962 ) ;
#525 = CLOSED_SHELL ( 'NONE', ( #1348, #1168, #512, #207, #1292, #836, #1609, #1158, #984, #253, #400, #221, #1616, #833, #701, #1951, #882, #1790, #1142 ) ) ;
#526 = ADVANCED_FACE ( 'NONE', ( #1326 ), #1057, .T. ) ;
#527 = VECTOR ( 'NONE', #1599, 1000.000000000000100 ) ;
#528 = DIRECTION ( 'NONE',  ( -2.902782473107703000E-013, 3.154042683594139200E-015, 1.000000000000000000 ) ) ;
#529 = CARTESIAN_POINT ( 'NONE',  ( 218.8808250040310700, -15.83722731103633100, -27.54809349588946100 ) ) ;
#530 = DIRECTION ( 'NONE',  ( -1.000000000000000000, 2.428612866367797500E-013, 0.0000000000000000000 ) ) ;
#531 = CARTESIAN_POINT ( 'NONE',  ( 218.8808250040313200, -15.63722731103615300, -29.29809349588973100 ) ) ;
#532 = CARTESIAN_POINT ( 'NONE',  ( 217.1539569533504400, -13.33722731103607900, -28.49809349589091000 ) ) ;
#533 = B_SPLINE_CURVE_WITH_KNOTS ( 'NONE', 1,
 ( #160, #609 ),
 .UNSPECIFIED., .F., .F.,
 ( 2, 2 ),
 ( -2.842170943046054700E-014, 0.1499999999996931600 ),
 .UNSPECIFIED. ) ;
#534 = CARTESIAN_POINT ( 'NONE',  ( 219.7799978150612500, -15.83722731103653900, -27.74837356446348500 ) ) ;
#535 = CARTESIAN_POINT ( 'NONE',  ( 221.0111547107592000, -13.33722731103667400, -29.39809349588864500 ) ) ;
#536 = AXIS2_PLACEMENT_3D ( 'NONE', #578, #565, #1693 ) ;
#537 = PLANE ( 'NONE',  #1039 ) ;
#538 = ORIENTED_EDGE ( 'NONE', *, *, #627, .T. ) ;
#539 =( GEOMETRIC_REPRESENTATION_CONTEXT ( 3 ) GLOBAL_UNCERTAINTY_ASSIGNED_CONTEXT ( ( #429 ) ) GLOBAL_UNIT_ASSIGNED_CONTEXT ( ( #952, #22, #1106 ) ) REPRESENTATION_CONTEXT ( 'NONE', 'WORKASPACE' ) );
#540 = DIRECTION ( 'NONE',  ( -0.1954314900338144600, 0.0000000000000000000, 0.9807173561751434400 ) ) ;
#541 = EDGE_LOOP ( 'NONE', ( #1500, #1899, #577, #80 ) ) ;
#542 = DIRECTION ( 'NONE',  ( 0.0000000000000000000, 0.0000000000000000000, 1.000000000000000000 ) ) ;
#543 = EDGE_CURVE ( 'NONE', #1926, #1543, #764, .T. ) ;
#544 = CARTESIAN_POINT ( 'NONE',  ( 217.2860695149271900, -13.77860827769678700, -28.34809349589027900 ) ) ;
#545 = ORIENTED_EDGE ( 'NONE', *, *, #2035, .F. ) ;
#546 = ORIENTED_EDGE ( 'NONE', *, *, #409, .T. ) ;
#547 = EDGE_LOOP ( 'NONE', ( #143, #206, #428, #1447 ) ) ;
#548 = CARTESIAN_POINT ( 'NONE',  ( 217.2843164423669000, -15.09532371109127300, -28.37316360149534900 ) ) ;
#549 = ADVANCED_FACE ( 'NONE', ( #1467 ), #1048, .T. ) ;
#550 = ORIENTED_EDGE ( 'NONE', *, *, #337, .F. ) ;
#551 = CARTESIAN_POINT ( 'NONE',  ( 221.4808250040316600, -15.53722731103673000, -29.44809349588849700 ) ) ;
#552 = PLANE ( 'NONE',  #1362 ) ;
#553 = ORIENTED_EDGE ( 'NONE', *, *, #78, .T. ) ;
#554 = CIRCLE ( 'NONE', #1768, 0.04999999999993898200 ) ;
#555 = ORIENTED_EDGE ( 'NONE', *, *, #1890, .F. ) ;
#556 = CARTESIAN_POINT ( 'NONE',  ( 218.0644298610814600, -14.08318546251319800, -28.49809349589003600 ) ) ;
#557 = EDGE_CURVE ( 'NONE', #1515, #1465, #1518, .T. ) ;
#558 = DIRECTION ( 'NONE',  ( 0.0000000000000000000, 0.0000000000000000000, 1.000000000000000000 ) ) ;
#559 = APPLICATION_PROTOCOL_DEFINITION ( 'draft international standard', 'automotive_design', 1998, #1827 ) ;
#560 = CARTESIAN_POINT ( 'NONE',  ( 218.9892885118435700, -13.54781472272981100, -28.49809349588974400 ) ) ;
#561 = CARTESIAN_POINT ( 'NONE',  ( 219.1544367489300400, -13.59043991411532700, -28.49809349588962000 ) ) ;
#562 = CARTESIAN_POINT ( 'NONE',  ( 217.2808250040313300, -14.43722731103600900, -28.42309349588998700 ) ) ;
#563 = CARTESIAN_POINT ( 'NONE',  ( 217.6808250040317000, -13.23722731103599900, -29.29809349589072600 ) ) ;
#564 = DIRECTION ( 'NONE',  ( 2.983318335375013400E-013, 0.0000000000000000000, -1.000000000000000000 ) ) ;
#565 = DIRECTION ( 'NONE',  ( 2.441414442618814000E-013, 1.000000000000000000, 2.408871012424949600E-014 ) ) ;
#566 = VERTEX_POINT ( 'NONE', #442 ) ;
#567 = CARTESIAN_POINT ( 'NONE',  ( 220.9118996473241600, -14.43722731103664900, -28.38832192138739800 ) ) ;
#568 = FACE_OUTER_BOUND ( 'NONE', #37, .T. ) ;
#569 = DIRECTION ( 'NONE',  ( 0.0000000000000000000, -9.462128050782253500E-015, -1.000000000000000000 ) ) ;
#570 = DIRECTION ( 'NONE',  ( -1.000000000000000000, 0.0000000000000000000, -3.816391647149042800E-013 ) ) ;
#571 = VERTEX_POINT ( 'NONE', #1867 ) ;
#572 = EDGE_CURVE ( 'NONE', #1460, #625, #1856, .T. ) ;
#573 = LINE ( 'NONE', #930, #259 ) ;
#574 = DIRECTION ( 'NONE',  ( 0.9807173561752770000, -1.537141650129856200E-013, -0.1954314900331440000 ) ) ;
#575 = ORIENTED_EDGE ( 'NONE', *, *, #1989, .T. ) ;
#576 = B_SPLINE_CURVE_WITH_KNOTS ( 'NONE', 1,
 ( #164, #786 ),
 .UNSPECIFIED., .F., .F.,
 ( 2, 2 ),
 ( -0.3466121300465659400, 3.410605131648480900E-013 ),
 .UNSPECIFIED. ) ;
#577 = ORIENTED_EDGE ( 'NONE', *, *, #1431, .F. ) ;
#578 = CARTESIAN_POINT ( 'NONE',  ( 220.8628637795156400, -13.33722731103663000, -28.39809349588906800 ) ) ;
#579 = EDGE_LOOP ( 'NONE', ( #2000, #659, #139, #1860, #437 ) ) ;
#580 = CARTESIAN_POINT ( 'NONE',  ( 216.8987862285472900, -15.53722731103611700, -28.34809349589042400 ) ) ;
#581 = DIRECTION ( 'NONE',  ( 4.201807198994869100E-013, -9.462128050782455500E-015, -1.000000000000000000 ) ) ;
#582 = CARTESIAN_POINT ( 'NONE',  ( 221.0851770061761100, -15.53722731103668400, -29.25786507039044400 ) ) ;
#583 = CARTESIAN_POINT ( 'NONE',  ( 217.6808250040311900, -15.63722731103614500, -29.29809349589070400 ) ) ;
#584 = EDGE_CURVE ( 'NONE', #289, #202, #183, .T. ) ;
#585 = DIRECTION ( 'NONE',  ( 3.874215763014207500E-013, -8.673617379945524000E-015, -1.000000000000000000 ) ) ;
#586 = CARTESIAN_POINT ( 'NONE',  ( 216.2808250040315800, -15.53722731103599000, -29.44809349589032600 ) ) ;
#587 = CARTESIAN_POINT ( 'NONE',  ( 217.2825682233180100, -15.09478506546821400, -28.44802269312205200 ) ) ;
#588 = VERTEX_POINT ( 'NONE', #1712 ) ;
#589 = AXIS2_PLACEMENT_3D ( 'NONE', #755, #150, #758 ) ;
#590 = EDGE_LOOP ( 'NONE', ( #1723, #1547, #1417, #1524 ) ) ;
#591 = DIRECTION ( 'NONE',  ( -0.0000000000000000000, -1.000000000000000000, 9.462128050782411300E-015 ) ) ;
#592 = VERTEX_POINT ( 'NONE', #147 ) ;
#593 = VERTEX_POINT ( 'NONE', #920 ) ;
#594 = CARTESIAN_POINT ( 'NONE',  ( 217.2860695149271900, -13.77860827769678700, -28.34809349589027900 ) ) ;
#595 = CARTESIAN_POINT ( 'NONE',  ( 217.2808250040315000, -13.55872574027024800, -28.42309349589051900 ) ) ;
#596 = ORIENTED_EDGE ( 'NONE', *, *, #5, .F. ) ;
#597 = B_SPLINE_CURVE_WITH_KNOTS ( 'NONE', 1,
 ( #250, #1025 ),
 .UNSPECIFIED., .F., .F.,
 ( 2, 2 ),
 ( -7.064775394395720800E-028, 2.200000000000037500 ),
 .UNSPECIFIED. ) ;
#598 = ORIENTED_EDGE ( 'NONE', *, *, #94, .F. ) ;
#599 = VECTOR ( 'NONE', #591, 1000.000000000000000 ) ;
#600 = CARTESIAN_POINT ( 'NONE',  ( 217.2808250040315600, -13.33722731103609900, -28.42309349589051600 ) ) ;
#601 = VERTEX_POINT ( 'NONE', #907 ) ;
#602 = AXIS2_PLACEMENT_3D ( 'NONE', #1687, #141, #124 ) ;
#603 = AXIS2_PLACEMENT_3D ( 'NONE', #335, #29, #1731 ) ;
#604 = DIRECTION ( 'NONE',  ( -2.180795226942241700E-013, -1.000000000000000000, -1.486905836551528300E-014 ) ) ;
#605 = CARTESIAN_POINT ( 'NONE',  ( 218.8808250040305300, -14.43722731103629900, -26.20717620865811500 ) ) ;
#606 = CARTESIAN_POINT ( 'NONE',  ( 220.4755804931355700, -13.33722731103657800, -28.34809349588902100 ) ) ;
#607 = EDGE_CURVE ( 'NONE', #275, #1617, #914, .T. ) ;
#608 = CARTESIAN_POINT ( 'NONE',  ( 220.4755804931355700, -13.33722731103658000, -28.49809349588969800 ) ) ;
#609 = CARTESIAN_POINT ( 'NONE',  ( 221.4808250040316600, -15.53722731103673000, -29.44809349588849700 ) ) ;
#610 = AXIS2_PLACEMENT_3D ( 'NONE', #1884, #302, #1382 ) ;
#611 = VERTEX_POINT ( 'NONE', #1231 ) ;
#612 = DIRECTION ( 'NONE',  ( 1.000000000000000000, 0.0000000000000000000, 2.886613904728666200E-013 ) ) ;
#613 = CARTESIAN_POINT ( 'NONE',  ( 217.0717789855595200, -14.06610416748289800, -28.49809349589063600 ) ) ;
#614 = ORIENTED_EDGE ( 'NONE', *, *, #647, .T. ) ;
#615 = LINE ( 'NONE', #623, #1440 ) ;
#616 = ORIENTED_EDGE ( 'NONE', *, *, #354, .F. ) ;
#617 = DIRECTION ( 'NONE',  ( -0.0000000000000000000, -1.000000000000000000, 9.462128050782455500E-015 ) ) ;
#618 = VECTOR ( 'NONE', #776, 1000.000000000000000 ) ;
#619 = CARTESIAN_POINT ( 'NONE',  ( 217.3280060177905300, -14.43722731103600400, -27.74837356446432700 ) ) ;
#620 = ORIENTED_EDGE ( 'NONE', *, *, #125, .T. ) ;
#621 = EDGE_CURVE ( 'NONE', #814, #1698, #1747, .T. ) ;
#622 = EDGE_LOOP ( 'NONE', ( #1352, #816, #459, #849, #1825 ) ) ;
#623 = CARTESIAN_POINT ( 'NONE',  ( 217.1539569533504400, -15.53722731103612800, -28.49809349589088800 ) ) ;
#624 = DIRECTION ( 'NONE',  ( 3.676773088052979500E-013, -2.884785801454918800E-014, -1.000000000000000000 ) ) ;
#625 = VERTEX_POINT ( 'NONE', #1550 ) ;
#626 = CARTESIAN_POINT ( 'NONE',  ( 217.3280256020933100, -14.43722731103600900, -29.09809349589019000 ) ) ;
#627 = EDGE_CURVE ( 'NONE', #479, #699, #615, .T. ) ;
#628 = CARTESIAN_POINT ( 'NONE',  ( 218.0644298610812700, -14.79126915955554700, -28.49809349589000400 ) ) ;
#629 = CARTESIAN_POINT ( 'NONE',  ( 219.7702375923378500, -14.49179627687790300, -28.49809349588938500 ) ) ;
#630 = PLANE ( 'NONE',  #1338 ) ;
#631 = CARTESIAN_POINT ( 'NONE',  ( 216.7504952973047800, -13.33722756103600600, -29.44809349589020900 ) ) ;
#632 = LINE ( 'NONE', #1126, #28 ) ;
#633 = CARTESIAN_POINT ( 'NONE',  ( 218.8808250040311500, -15.32663989934283500, -28.49809349588977300 ) ) ;
#634 = CARTESIAN_POINT ( 'NONE',  ( 219.3193575371944100, -15.22026785548509900, -28.49809349588953800 ) ) ;
#635 = ORIENTED_EDGE ( 'NONE', *, *, #1521, .F. ) ;
#636 = CARTESIAN_POINT ( 'NONE',  ( 218.8808250044179400, -14.43722731104497300, -1026.207176208658200 ) ) ;
#637 = AXIS2_PLACEMENT_3D ( 'NONE', #66, #1754, #348 ) ;
#638 = CONICAL_SURFACE ( 'NONE', #674, 388.2342646168457300, 0.3703225350496747200 ) ;
#639 = EDGE_LOOP ( 'NONE', ( #1259, #1021, #2004, #15 ) ) ;
#640 = CARTESIAN_POINT ( 'NONE',  ( 218.0774559602313000, -14.82004870587886100, -28.49809349588999700 ) ) ;
#641 = DIRECTION ( 'NONE',  ( 0.0000000000000000000, 0.0000000000000000000, 1.000000000000000000 ) ) ;
#642 = EDGE_LOOP ( 'NONE', ( #1629, #985, #384, #1708 ) ) ;
#643 = VERTEX_POINT ( 'NONE', #1535 ) ;
#644 = DIRECTION ( 'NONE',  ( -1.000000000000000000, -4.625929269271567200E-014, -3.238150488490096800E-013 ) ) ;
#645 = CARTESIAN_POINT ( 'NONE',  ( 220.4808250040314900, -13.03722756103664800, -28.42309349588945000 ) ) ;
#646 = VECTOR ( 'NONE', #1964, 1000.000000000000000 ) ;
#647 = EDGE_CURVE ( 'NONE', #1985, #1134, #754, .T. ) ;
#648 = ORIENTED_EDGE ( 'NONE', *, *, #1300, .F. ) ;
#649 = CARTESIAN_POINT ( 'NONE',  ( 220.7888414840981000, -14.43722731103663500, -28.53832192138742500 ) ) ;
#650 = CARTESIAN_POINT ( 'NONE',  ( 217.0924278717372400, -13.33722731103604900, -28.34809349589036400 ) ) ;
#651 = DIRECTION ( 'NONE',  ( -1.513940488125191600E-013, -1.000000000000000000, 1.261617073437659600E-014 ) ) ;
#652 = VECTOR ( 'NONE', #1630, 1000.000000000000000 ) ;
#653 = CARTESIAN_POINT ( 'NONE',  ( 217.9914124157249700, -14.43722731103620100, -28.49809349589006000 ) ) ;
#654 = B_SPLINE_CURVE_WITH_KNOTS ( 'NONE', 1,
 ( #90, #551 ),
 .UNSPECIFIED., .F., .F.,
 ( 2, 2 ),
 ( -6.394884621841059400E-014, 2.200000000000017500 ),
 .UNSPECIFIED. ) ;
#655 = EDGE_CURVE ( 'NONE', #1465, #1063, #152, .T. ) ;
#656 = CARTESIAN_POINT ( 'NONE',  ( 216.9728085239648000, -13.33722756103603400, -28.53832192138977300 ) ) ;
#657 = CARTESIAN_POINT ( 'NONE',  ( 220.4808250040314900, -13.03722756103664800, -28.42309349588945000 ) ) ;
#658 = ORIENTED_EDGE ( 'NONE', *, *, #1336, .F. ) ;
#659 = ORIENTED_EDGE ( 'NONE', *, *, #1960, .T. ) ;
#660 = DIRECTION ( 'NONE',  ( -4.163336342337645500E-013, -1.561251128376617200E-013, 1.000000000000000000 ) ) ;
#661 = LINE ( 'NONE', #1404, #138 ) ;
#662 = CARTESIAN_POINT ( 'NONE',  ( 218.4449012176226000, -15.21308599637973700, -28.49809349588987900 ) ) ;
#663 = ADVANCED_FACE ( 'NONE', ( #229 ), #1223, .T. ) ;
#664 = ORIENTED_EDGE ( 'NONE', *, *, #1676, .F. ) ;
#665 = CIRCLE ( 'NONE', #1456, 0.05000000000014368000 ) ;
#666 = VERTEX_POINT ( 'NONE', #140 ) ;
#667 = ORIENTED_EDGE ( 'NONE', *, *, #46, .F. ) ;
#668 = DIRECTION ( 'NONE',  ( 0.0000000000000000000, 1.000000000000000000, -9.462128050782463400E-015 ) ) ;
#669 = ORIENTED_EDGE ( 'NONE', *, *, #1414, .F. ) ;
#670 = CARTESIAN_POINT ( 'NONE',  ( 218.8808250040306100, -14.43722731103629900, -26.20717620865816100 ) ) ;
#671 = EDGE_CURVE ( 'NONE', #181, #1962, #1282, .T. ) ;
#672 = CARTESIAN_POINT ( 'NONE',  ( 216.6764730018871600, -13.33722731103601300, -29.25786507039187300 ) ) ;
#674 = AXIS2_PLACEMENT_3D ( 'NONE', #1368, #1070, #1689 ) ;
#673 = DIRECTION ( 'NONE',  ( -0.7071067811866419400, -0.7071067811864532000, -4.047894620037847600E-013 ) ) ;
#675 = ADVANCED_FACE ( 'NONE', ( #1351 ), #1240, .T. ) ;
#676 = DIRECTION ( 'NONE',  ( 1.000000000000000000, -1.053551985694227600E-013, 5.551115123124468000E-013 ) ) ;
#677 = CARTESIAN_POINT ( 'NONE',  ( 216.2808250040316700, -13.33722731103596900, -29.29809349589063000 ) ) ;
#678 = LINE ( 'NONE', #460, #1942 ) ;
#679 = B_SPLINE_CURVE_WITH_KNOTS ( 'NONE', 3,
 ( #62, #826, #1782, #1452, #369, #1930, #233, #1943, #662, #1457, #1761, #684, #224, #978, #523, #1139, #387, #693 ),
 .UNSPECIFIED., .F., .F.,
 ( 4, 2, 2, 2, 2, 2, 2, 2, 4 ),
 ( 0.0000000000000000000, 0.2500000000000198200, 0.5000000000000396300, 0.6250000000000282000, 0.6875000000000235400, 0.7500000000000187600, 0.8125000000000141000, 0.8750000000000094400, 1.000000000000000000 ),
 .UNSPECIFIED. ) ;
#680 = CARTESIAN_POINT ( 'NONE',  ( 216.2808250040315800, -15.53722731103599000, -29.44809349589032600 ) ) ;
#681 = PLANE ( 'NONE',  #316 ) ;
#682 = CARTESIAN_POINT ( 'NONE',  ( 220.0808250040316000, -13.23722731103673300, -29.29809349588940700 ) ) ;
#683 = EDGE_CURVE ( 'NONE', #1830, #1460, #933, .T. ) ;
#684 = CARTESIAN_POINT ( 'NONE',  ( 218.5800907158093500, -15.27476300693650100, -28.49809349588983300 ) ) ;
#685 = ORIENTED_EDGE ( 'NONE', *, *, #1918, .F. ) ;
#686 = DIRECTION ( 'NONE',  ( 2.441414442618814000E-013, 1.000000000000000000, 2.408871012424949600E-014 ) ) ;
#687 = LINE ( 'NONE', #711, #1076 ) ;
#688 = ORIENTED_EDGE ( 'NONE', *, *, #731, .T. ) ;
#689 = DIRECTION ( 'NONE',  ( -1.000000000000000000, 2.092510192897072800E-013, -0.0000000000000000000 ) ) ;
#690 = CIRCLE ( 'NONE', #1323, 0.05000000000005694300 ) ;
#691 = CARTESIAN_POINT ( 'NONE',  ( 218.8808250040306100, -14.43722731103629900, -26.20717620865815800 ) ) ;
#692 = ORIENTED_EDGE ( 'NONE', *, *, #1824, .T. ) ;
#693 = CARTESIAN_POINT ( 'NONE',  ( 218.8808250040312400, -15.32663989934278300, -28.49809349588970900 ) ) ;
#694 = PRESENTATION_LAYER_ASSIGNMENT (  '', '', ( #524 ) ) ;
#695 = ORIENTED_EDGE ( 'NONE', *, *, #187, .F. ) ;
#696 = ORIENTED_EDGE ( 'NONE', *, *, #1762, .T. ) ;
#697 = CYLINDRICAL_SURFACE ( 'NONE', #265, 0.2999999999999392000 ) ;
#698 = AXIS2_PLACEMENT_3D ( 'NONE', #1066, #313, #2016 ) ;
#699 = VERTEX_POINT ( 'NONE', #447 ) ;
#700 = CARTESIAN_POINT ( 'NONE',  ( 218.4449012176218000, -13.66136862569318900, -28.49809349588989300 ) ) ;
#701 = ADVANCED_FACE ( 'NONE', ( #934 ), #497, .F. ) ;
#702 = CARTESIAN_POINT ( 'NONE',  ( 219.5925303458067200, -13.90053758953137500, -28.49809349588958100 ) ) ;
#703 = CARTESIAN_POINT ( 'NONE',  ( 217.2825682233179200, -15.09478506546819400, -28.39816429865912500 ) ) ;
#704 = CARTESIAN_POINT ( 'NONE',  ( 217.9816521930003100, -15.83722731103620500, -27.54809349588988700 ) ) ;
#705 = CARTESIAN_POINT ( 'NONE',  ( 221.1342128739850600, -13.33722731103668300, -29.29809349588889600 ) ) ;
#706 = VECTOR ( 'NONE', #1838, 1000.000000000000100 ) ;
#707 = DIRECTION ( 'NONE',  ( -1.000000000000000000, -0.0000000000000000000, -3.672952849570905100E-013 ) ) ;
#708 = CARTESIAN_POINT ( 'NONE',  ( 219.2636463988591800, -13.63385826722724700, -28.49809349588959200 ) ) ;
#709 = CARTESIAN_POINT ( 'NONE',  ( 217.2860695149269100, -15.09584634437556100, -28.34809349589026100 ) ) ;
#710 = ADVANCED_FACE ( 'NONE', ( #1829 ), #474, .T. ) ;
#711 = CARTESIAN_POINT ( 'NONE',  ( 217.2860695149273300, -13.33722731103609900, -28.34809349589027100 ) ) ;
#712 = ORIENTED_EDGE ( 'NONE', *, *, #156, .F. ) ;
#713 = DIRECTION ( 'NONE',  ( -0.06975647374411851600, 0.0000000000000000000, 0.9975640502598247500 ) ) ;
#714 = EDGE_CURVE ( 'NONE', #766, #162, #1421, .T. ) ;
#715 = ORIENTED_EDGE ( 'NONE', *, *, #1997, .T. ) ;
#716 = VECTOR ( 'NONE', #1775, 1000.000000000000000 ) ;
#717 = VERTEX_POINT ( 'NONE', #31 ) ;
#718 = CARTESIAN_POINT ( 'NONE',  ( 217.9914124157249700, -14.43722731103620100, -28.49809349589006000 ) ) ;
#719 = LINE ( 'NONE', #112, #307 ) ;
#720 = AXIS2_PLACEMENT_3D ( 'NONE', #1922, #1128, #1287 ) ;
#721 = ORIENTED_EDGE ( 'NONE', *, *, #1049, .F. ) ;
#722 = ORIENTED_EDGE ( 'NONE', *, *, #2020, .F. ) ;
#723 = CARTESIAN_POINT ( 'NONE',  ( 217.9914124157248800, -14.32876380323366700, -28.49809349589003600 ) ) ;
#724 = ORIENTED_EDGE ( 'NONE', *, *, #877, .F. ) ;
#725 = ORIENTED_EDGE ( 'NONE', *, *, #1294, .F. ) ;
#726 = ADVANCED_FACE ( 'NONE', ( #1801 ), #946, .T. ) ;
#727 = ORIENTED_EDGE ( 'NONE', *, *, #468, .F. ) ;
#728 = B_SPLINE_CURVE_WITH_KNOTS ( 'NONE', 3,
 ( #633, #1556, #491, #1429, #26, #1267, #502, #1425, #1716, #640, #628, #1575, #1907, #778, #1099, #182, #6, #1410 ),
 .UNSPECIFIED., .F., .F.,
 ( 4, 2, 2, 2, 2, 2, 2, 2, 4 ),
 ( 0.0000000000000000000, 0.2499999999999805700, 0.4999999999999611400, 0.6249999999999714700, 0.6874999999999782400, 0.7499999999999849000, 0.8124999999999915600, 0.8749999999999982200, 1.000000000000000000 ),
 .UNSPECIFIED. ) ;
#729 = CARTESIAN_POINT ( 'NONE',  ( 220.4336439902716600, -15.83722731103665600, -27.74837356446338900 ) ) ;
#730 = DIRECTION ( 'NONE',  ( 1.387778780781430000E-013, 1.000000000000000000, -1.103914939257955600E-014 ) ) ;
#731 = EDGE_CURVE ( 'NONE', #961, #157, #661, .T. ) ;
#732 = CARTESIAN_POINT ( 'NONE',  ( 220.4860695149268100, -15.09584609437602200, -28.49809349588915800 ) ) ;
#733 =( LENGTH_UNIT ( ) NAMED_UNIT ( * ) SI_UNIT ( .MILLI., .METRE. ) );
#734 = LINE ( 'NONE', #382, #172 ) ;
#735 = EDGE_CURVE ( 'NONE', #1804, #959, #690, .T. ) ;
#736 = CARTESIAN_POINT ( 'NONE',  ( 220.0808250040316000, -14.43722731103656700, -29.29809349589003300 ) ) ;
#737 = CARTESIAN_POINT ( 'NONE',  ( 218.6072132591300200, -13.59043991411592100, -28.49809349588985100 ) ) ;
#738 = PRODUCT_DEFINITION_FORMATION_WITH_SPECIFIED_SOURCE ( 'ANY', '', #282, .NOT_KNOWN. ) ;
#739 = AXIS2_PLACEMENT_3D ( 'NONE', #1411, #319, #1396 ) ;
#740 = CARTESIAN_POINT ( 'NONE',  ( 219.2348668525559100, -15.25362245398611300, -28.49809349588967300 ) ) ;
#741 = VERTEX_POINT ( 'NONE', #342 ) ;
#742 = CARTESIAN_POINT ( 'NONE',  ( 217.3420109644823100, -13.03722731103602200, -29.29809349589023900 ) ) ;
#743 = LINE ( 'NONE', #881, #789 ) ;
#744 = CARTESIAN_POINT ( 'NONE',  ( 218.4980036091990000, -13.63385826722948500, -28.49809349588989700 ) ) ;
#745 = ORIENTED_EDGE ( 'NONE', *, *, #455, .F. ) ;
#746 = FACE_BOUND ( 'NONE', #642, .T. ) ;
#747 = VERTEX_POINT ( 'NONE', #1281 ) ;
#748 = VERTEX_POINT ( 'NONE', #338 ) ;
#749 = CARTESIAN_POINT ( 'NONE',  ( 217.2860695149273300, -13.77860827769676900, -28.49809349589086000 ) ) ;
#750 = EDGE_LOOP ( 'NONE', ( #41, #932, #939, #721 ) ) ;
#751 = FACE_OUTER_BOUND ( 'NONE', #622, .T. ) ;
#752 = DIRECTION ( 'NONE',  ( -1.000000000000000000, 0.0000000000000000000, -4.201807198994869100E-013 ) ) ;
#753 = ORIENTED_EDGE ( 'NONE', *, *, #1313, .T. ) ;
#754 = B_SPLINE_CURVE_WITH_KNOTS ( 'NONE', 1,
 ( #131, #1219 ),
 .UNSPECIFIED., .F., .F.,
 ( 2, 2 ),
 ( 0.0000000000000000000, 0.8866399105994663400 ),
 .UNSPECIFIED. ) ;
#755 = CARTESIAN_POINT ( 'NONE',  ( 219.7799978150613100, -15.83722731103663000, -27.74837356446355600 ) ) ;
#756 = EDGE_CURVE ( 'NONE', #1071, #309, #728, .T. ) ;
#757 = FACE_OUTER_BOUND ( 'NONE', #350, .T. ) ;
#758 = DIRECTION ( 'NONE',  ( 1.000000000000000000, 0.0000000000000000000, 3.078545103525076400E-013 ) ) ;
#759 = CARTESIAN_POINT ( 'NONE',  ( 217.3280060177904700, -13.03722731103599700, -27.74837356446436200 ) ) ;
#760 = ORIENTED_EDGE ( 'NONE', *, *, #1073, .F. ) ;
#761 = CARTESIAN_POINT ( 'NONE',  ( 217.2860695149272500, -13.33722731103606100, -28.34809349589028600 ) ) ;
#762 = ORIENTED_EDGE ( 'NONE', *, *, #1120, .F. ) ;
#763 = DIRECTION ( 'NONE',  ( 0.06975647374338375700, 0.0000000000000000000, -0.9975640502598761600 ) ) ;
#764 = LINE ( 'NONE', #567, #1904 ) ;
#765 = EDGE_CURVE ( 'NONE', #790, #17, #576, .T. ) ;
#766 = VERTEX_POINT ( 'NONE', #1273 ) ;
#767 = VECTOR ( 'NONE', #1078, 1000.000000000000200 ) ;
#768 = ORIENTED_EDGE ( 'NONE', *, *, #883, .T. ) ;
#769 = ORIENTED_EDGE ( 'NONE', *, *, #1757, .T. ) ;
#770 = FACE_OUTER_BOUND ( 'NONE', #818, .T. ) ;
#771 = DIRECTION ( 'NONE',  ( -1.000000000000000000, 2.428612866361056500E-013, 0.0000000000000000000 ) ) ;
#772 = ORIENTED_EDGE ( 'NONE', *, *, #1937, .T. ) ;
#773 = UNCERTAINTY_MEASURE_WITH_UNIT (LENGTH_MEASURE( 1.000000000000000100E-005 ), #733, 'distance_accuracy_value', 'NONE');
#774 = AXIS2_PLACEMENT_3D ( 'NONE', #2006, #581, #1863 ) ;
#775 = AXIS2_PLACEMENT_3D ( 'NONE', #1389, #1552, #771 ) ;
#776 = DIRECTION ( 'NONE',  ( 1.000000000000000000, -2.054563116860132600E-013, 0.0000000000000000000 ) ) ;
#777 = CARTESIAN_POINT ( 'NONE',  ( 217.3717789855594200, -14.80835045458934300, -28.49809349589083100 ) ) ;
#778 = CARTESIAN_POINT ( 'NONE',  ( 218.0181713559796900, -14.65565644296061300, -28.49809349589002100 ) ) ;
#779 = EDGE_CURVE ( 'NONE', #793, #1653, #813, .T. ) ;
#780 = DIRECTION ( 'NONE',  ( 0.06975647374426112400, 2.307330369017480200E-014, 0.9975640502598147600 ) ) ;
#781 = CIRCLE ( 'NONE', #1258, 0.8894125883063541700 ) ;
#782 = CARTESIAN_POINT ( 'NONE',  ( 220.4755804931353700, -13.33722731103659400, -28.49809349588971900 ) ) ;
#783 = CARTESIAN_POINT ( 'NONE',  ( 217.5780596282394600, -15.58719328488973900, -29.09809349588995900 ) ) ;
#784 =( GEOMETRIC_REPRESENTATION_CONTEXT ( 3 ) GLOBAL_UNCERTAINTY_ASSIGNED_CONTEXT ( ( #1 ) ) GLOBAL_UNIT_ASSIGNED_CONTEXT ( ( #1341, #414, #1037 ) ) REPRESENTATION_CONTEXT ( 'NONE', 'WORKASPACE' ) );
#785 = SHELL_BASED_SURFACE_MODEL ( 'NONE', ( #1772, #525, #1742, #1262, #896, #967 ) );
#786 = CARTESIAN_POINT ( 'NONE',  ( 221.4808250040316600, -15.53722731103672000, -29.29809349588878200 ) ) ;
#787 = DIRECTION ( 'NONE',  ( 1.000000000000000000, -2.054563116860150600E-013, 0.0000000000000000000 ) ) ;
#788 = ORIENTED_EDGE ( 'NONE', *, *, #25, .F. ) ;
#789 = VECTOR ( 'NONE', #403, 1000.000000000000000 ) ;
#790 = VERTEX_POINT ( 'NONE', #1260 ) ;
#791 = DIRECTION ( 'NONE',  ( 0.1954314900332225800, -2.739119723050278300E-014, 0.9807173561752613500 ) ) ;
#792 = FACE_OUTER_BOUND ( 'NONE', #1187, .T. ) ;
#793 = VERTEX_POINT ( 'NONE', #1438 ) ;
#794 = EDGE_CURVE ( 'NONE', #766, #518, #1593, .T. ) ;
#795 = EDGE_LOOP ( 'NONE', ( #1680, #1984, #284, #1589 ) ) ;
#796 = SURFACE_SIDE_STYLE ('',( #349 ) ) ;
#797 = CARTESIAN_POINT ( 'NONE',  ( 217.2860695149271900, -15.09584634437563900, -28.49809349589086000 ) ) ;
#798 = VERTEX_POINT ( 'NONE', #657 ) ;
#799 = VERTEX_POINT ( 'NONE', #214 ) ;
#800 = VECTOR ( 'NONE', #79, 1000.000000000000100 ) ;
#801 = ORIENTED_EDGE ( 'NONE', *, *, #974, .T. ) ;
#802 = CARTESIAN_POINT ( 'NONE',  ( 217.9816521930009700, -13.03722731103608700, -27.74837356446421000 ) ) ;
#803 = CARTESIAN_POINT ( 'NONE',  ( 221.0111547107586600, -15.53722731103669300, -29.44809349588868100 ) ) ;
#804 = CARTESIAN_POINT ( 'NONE',  ( 219.7702375923377900, -14.43722731103645400, -28.49809349588938200 ) ) ;
#805 = FACE_OUTER_BOUND ( 'NONE', #541, .T. ) ;
#806 = DIRECTION ( 'NONE',  ( 0.06975647374363670700, -3.955423489771646100E-015, 0.9975640502598583900 ) ) ;
#807 = CARTESIAN_POINT ( 'NONE',  ( 220.4860695149268100, -15.09584634437602300, -28.34809374588912000 ) ) ;
#808 =( BOUNDED_CURVE ( )  B_SPLINE_CURVE ( 3, ( #709, #548, #703, #1815 ),
 .UNSPECIFIED., .F., .F. ) 
 B_SPLINE_CURVE_WITH_KNOTS ( ( 4, 4 ),
 ( 5.002123933428450200, 5.020416870953286400 ),
 .UNSPECIFIED. ) 
 CURVE ( )  GEOMETRIC_REPRESENTATION_ITEM ( )  RATIONAL_B_SPLINE_CURVE ( ( 1.000000000000000000, 0.9999721142307989000, 0.9999721142307989000, 1.000000000000000000 ) ) 
 REPRESENTATION_ITEM ( '' )  );
#809 = AXIS2_PLACEMENT_3D ( 'NONE', #1200, #1691, #911 ) ;
#810 = ORIENTED_EDGE ( 'NONE', *, *, #1879, .T. ) ;
#811 = DIRECTION ( 'NONE',  ( -1.000000000000000000, 0.0000000000000000000, -3.700743415415884000E-013 ) ) ;
#812 = ORIENTED_EDGE ( 'NONE', *, *, #193, .T. ) ;
#813 = LINE ( 'NONE', #485, #2023 ) ;
#814 = VERTEX_POINT ( 'NONE', #511 ) ;
#815 = FACE_OUTER_BOUND ( 'NONE', #943, .T. ) ;
#816 = ORIENTED_EDGE ( 'NONE', *, *, #1929, .T. ) ;
#817 = DIRECTION ( 'NONE',  ( 3.863939288425929900E-013, -4.279876556622241400E-014, -1.000000000000000000 ) ) ;
#818 = EDGE_LOOP ( 'NONE', ( #1748, #521, #51, #1673 ) ) ;
#819 = FACE_OUTER_BOUND ( 'NONE', #1654, .T. ) ;
#820 = EDGE_CURVE ( 'NONE', #1745, #1798, #113, .T. ) ;
#821 = VERTEX_POINT ( 'NONE', #40 ) ;
#822 = CARTESIAN_POINT ( 'NONE',  ( 217.2808250040315800, -13.03722731103599100, -28.42309349588996900 ) ) ;
#823 = CARTESIAN_POINT ( 'NONE',  ( 221.4808250040316600, -15.53722731103672000, -29.29809349588878200 ) ) ;
#825 = AXIS2_PLACEMENT_3D ( 'NONE', #822, #195, #219 ) ;
#824 = CARTESIAN_POINT ( 'NONE',  ( 217.2808250040315000, -13.78022416950441100, -28.42309349589055500 ) ) ;
#826 = CARTESIAN_POINT ( 'NONE',  ( 217.9914124157249400, -14.54569081887163100, -28.49809349589006400 ) ) ;
#827 = DIRECTION ( 'NONE',  ( 0.9975640502597999900, 0.0000000000000000000, 0.06975647374447305200 ) ) ;
#828 = CARTESIAN_POINT ( 'NONE',  ( 219.5959998059181800, -13.89468952425195700, -28.49809349588946400 ) ) ;
#829 = CARTESIAN_POINT ( 'NONE',  ( 217.9914124157250500, -14.43722731103610700, -28.49809349588997900 ) ) ;
#830 = LINE ( 'NONE', #838, #652 ) ;
#831 = EDGE_CURVE ( 'NONE', #202, #285, #1976, .T. ) ;
#832 = DIRECTION ( 'NONE',  ( 0.0000000000000000000, -1.000000000000000000, 0.0000000000000000000 ) ) ;
#833 = ADVANCED_FACE ( 'NONE', ( #1925 ), #1924, .T. ) ;
#834 = B_SPLINE_CURVE_WITH_KNOTS ( 'NONE', 1,
 ( #1766, #1759 ),
 .UNSPECIFIED., .F., .F.,
 ( 2, 2 ),
 ( 0.0000000000000000000, 0.8866399105994663400 ),
 .UNSPECIFIED. ) ;
#835 = CARTESIAN_POINT ( 'NONE',  ( 220.4808249865919300, -15.53722731103657200, -28.42309324649809100 ) ) ;
#836 = ADVANCED_FACE ( 'NONE', ( #256 ), #1151, .T. ) ;
#837 = B_SPLINE_CURVE_WITH_KNOTS ( 'NONE', 1,
 ( #680, #1946 ),
 .UNSPECIFIED., .F., .F.,
 ( 2, 2 ),
 ( 0.0000000000000000000, 0.1499999999997499200 ),
 .UNSPECIFIED. ) ;
#838 = CARTESIAN_POINT ( 'NONE',  ( 220.1068209026667000, -15.83722731103663000, -27.74837356446345600 ) ) ;
#839 = ORIENTED_EDGE ( 'NONE', *, *, #1294, .T. ) ;
#840 = CARTESIAN_POINT ( 'NONE',  ( 221.4808250040317700, -13.33722731103668500, -29.29809349588879600 ) ) ;
#841 = EDGE_CURVE ( 'NONE', #1720, #1068, #304, .T. ) ;
#842 = CARTESIAN_POINT ( 'NONE',  ( 221.4808250040317700, -13.33722731103666700, -29.44809349588850700 ) ) ;
#843 = EDGE_LOOP ( 'NONE', ( #68, #163, #1881, #1088 ) ) ;
#844 = CYLINDRICAL_SURFACE ( 'NONE', #983, 0.3000000000001057400 ) ;
#845 = EDGE_LOOP ( 'NONE', ( #1424, #1539, #412, #1108, #1701, #137, #538, #1042 ) ) ;
#846 = AXIS2_PLACEMENT_3D ( 'NONE', #1371, #1244, #155 ) ;
#847 = ORIENTED_EDGE ( 'NONE', *, *, #714, .T. ) ;
#848 = CARTESIAN_POINT ( 'NONE',  ( 216.9728084751066600, -15.53722731103609800, -28.53832216656857700 ) ) ;
#849 = ORIENTED_EDGE ( 'NONE', *, *, #557, .F. ) ;
#850 = VECTOR ( 'NONE', #466, 1000.000000000000100 ) ;
#851 = CARTESIAN_POINT ( 'NONE',  ( 217.0218443917738400, -13.33722731103606300, -28.54809349589088500 ) ) ;
#852 = ORIENTED_EDGE ( 'NONE', *, *, #977, .T. ) ;
#853 = DIRECTION ( 'NONE',  ( 1.341150771934261500E-013, 1.000000000000000000, 1.100263670690383600E-013 ) ) ;
#854 = DIRECTION ( 'NONE',  ( -1.492191718724157600E-013, -1.000000000000000000, 2.365893969226774000E-013 ) ) ;
#856 = AXIS2_PLACEMENT_3D ( 'NONE', #777, #2026, #1227 ) ;
#855 = CARTESIAN_POINT ( 'NONE',  ( 218.8808250040306100, -14.43722731103629900, -26.20717620865815800 ) ) ;
#857 = CARTESIAN_POINT ( 'NONE',  ( 217.2808250040311000, -15.83722731103600800, -28.42309349589000800 ) ) ;
#858 = CARTESIAN_POINT ( 'NONE',  ( 220.8628637795151200, -15.53722731103665700, -28.39809349588912100 ) ) ;
#859 = VECTOR ( 'NONE', #1293, 1000.000000000000000 ) ;
#860 = ADVANCED_FACE ( 'NONE', ( #1229 ), #205, .T. ) ;
#861 = DIRECTION ( 'NONE',  ( -1.000000000000000000, 0.0000000000000000000, -2.983318335375013400E-013 ) ) ;
#862 = CARTESIAN_POINT ( 'NONE',  ( 217.8280936543857500, -15.83722731103609100, -29.09809349589004400 ) ) ;
#863 = EDGE_CURVE ( 'NONE', #588, #867, #390, .T. ) ;
#864 = CARTESIAN_POINT ( 'NONE',  ( 219.7702375923377400, -14.38265834519486400, -28.49809349588952400 ) ) ;
#865 = VERTEX_POINT ( 'NONE', #835 ) ;
#866 = CARTESIAN_POINT ( 'NONE',  ( 217.9963618875542000, -14.32871160206207700, -28.49809349589006800 ) ) ;
#867 = VERTEX_POINT ( 'NONE', #677 ) ;
#868 = CARTESIAN_POINT ( 'NONE',  ( 216.8497503607383100, -15.53722731103606100, -28.38832192138915300 ) ) ;
#869 = ORIENTED_EDGE ( 'NONE', *, *, #514, .T. ) ;
#870 = ADVANCED_FACE ( 'NONE', ( #1877 ), #1592, .T. ) ;
#871 = FACE_OUTER_BOUND ( 'NONE', #1501, .T. ) ;
#872 = VERTEX_POINT ( 'NONE', #380 ) ;
#873 = LINE ( 'NONE', #168, #850 ) ;
#874 = FILL_AREA_STYLE_COLOUR ( '', #1950 ) ;
#875 = VERTEX_POINT ( 'NONE', #1607 ) ;
#876 = CARTESIAN_POINT ( 'NONE',  ( 218.8808250040306100, -14.43722731103629900, -26.20717620865816100 ) ) ;
#877 = EDGE_CURVE ( 'NONE', #1947, #1460, #158, .T. ) ;
#878 = CARTESIAN_POINT ( 'NONE',  ( 220.4808249865918700, -15.83722731103667800, -28.42309324649845700 ) ) ;
#879 = CARTESIAN_POINT ( 'NONE',  ( 219.6566836893751100, -14.00130352462624500, -28.49809349588956000 ) ) ;
#880 = B_SPLINE_CURVE_WITH_KNOTS ( 'NONE', 1,
 ( #807, #480 ),
 .UNSPECIFIED., .F., .F.,
 ( 2, 2 ),
 ( -2.842170943046459200E-014, 0.1500000000000057100 ),
 .UNSPECIFIED. ) ;
#881 = CARTESIAN_POINT ( 'NONE',  ( 217.0218443917737300, -14.43722731103606800, -28.49809349589094200 ) ) ;
#882 = ADVANCED_FACE ( 'NONE', ( #1040 ), #1935, .T. ) ;
#883 = EDGE_CURVE ( 'NONE', #872, #449, #10, .T. ) ;
#884 = CARTESIAN_POINT ( 'NONE',  ( 218.8808250040313200, -15.63722731103639800, -29.29809349589036000 ) ) ;
#885 = CARTESIAN_POINT ( 'NONE',  ( 218.0099347096231100, -14.22098370747112000, -28.49809349589001400 ) ) ;
#886 = AXIS2_PLACEMENT_3D ( 'NONE', #1344, #108, #92 ) ;
#887 = AXIS2_PLACEMENT_3D ( 'NONE', #580, #1060, #1077 ) ;
#888 = CARTESIAN_POINT ( 'NONE',  ( 219.7799978150617900, -14.43722731103630400, -27.54809349588947900 ) ) ;
#889 = CARTESIAN_POINT ( 'NONE',  ( 220.4003600442944200, -14.80835045458985300, -28.34809349588920600 ) ) ;
#890 = EDGE_CURVE ( 'NONE', #875, #1875, #1783, .T. ) ;
#891 = ORIENTED_EDGE ( 'NONE', *, *, #1345, .F. ) ;
#892 = VERTEX_POINT ( 'NONE', #1615 ) ;
#893 = CARTESIAN_POINT ( 'NONE',  ( 220.4755804931352800, -15.53722731103660600, -28.34809349588915200 ) ) ;
#894 = CIRCLE ( 'NONE', #173, 0.04999999999999449300 ) ;
#895 = AXIS2_PLACEMENT_3D ( 'NONE', #507, #1270, #1291 ) ;
#896 = OPEN_SHELL ( 'NONE', ( #710 ) ) ;
#897 = CARTESIAN_POINT ( 'NONE',  ( 218.8808250040315500, -13.54781472272985900, -28.49809349588973000 ) ) ;
#898 = CARTESIAN_POINT ( 'NONE',  ( 218.6623958721137300, -13.57457366298458200, -28.49809349588983300 ) ) ;
#899 = ORIENTED_EDGE ( 'NONE', *, *, #683, .T. ) ;
#900 = FACE_BOUND ( 'NONE', #189, .T. ) ;
#901 = CARTESIAN_POINT ( 'NONE',  ( 220.4860695149268100, -15.09584634437602300, -28.34809374588912000 ) ) ;
#902 = CARTESIAN_POINT ( 'NONE',  ( 218.8808250040306100, -14.43722731103629900, -26.20717620865815800 ) ) ;
#903 = EDGE_CURVE ( 'NONE', #1700, #1858, #1529, .T. ) ;
#904 = B_SPLINE_CURVE_WITH_KNOTS ( 'NONE', 1,
 ( #1172, #1652 ),
 .UNSPECIFIED., .F., .F.,
 ( 2, 2 ),
 ( -8.768603822019668800E-027, 0.6536461752108381200 ),
 .UNSPECIFIED. ) ;
#905 = DIRECTION ( 'NONE',  ( 3.201565975584554800E-013, -1.115179377413398400E-014, -1.000000000000000000 ) ) ;
#906 = FACE_OUTER_BOUND ( 'NONE', #495, .T. ) ;
#907 = CARTESIAN_POINT ( 'NONE',  ( 220.7398056162893200, -13.33722731103661000, -28.49809349588960900 ) ) ;
#908 = AXIS2_PLACEMENT_3D ( 'NONE', #2036, #1072, #1852 ) ;
#909 = CARTESIAN_POINT ( 'NONE',  ( 219.7702375923377900, -14.43722731103645400, -28.49809349588938200 ) ) ;
#910 = ORIENTED_EDGE ( 'NONE', *, *, #263, .T. ) ;
#911 = DIRECTION ( 'NONE',  ( -0.06975647374570814700, 0.0000000000000000000, -0.9975640502597135100 ) ) ;
#912 = EDGE_LOOP ( 'NONE', ( #1047, #357, #481, #769 ) ) ;
#913 = ORIENTED_EDGE ( 'NONE', *, *, #926, .T. ) ;
#914 = CIRCLE ( 'NONE', #1610, 0.2999999999999947200 ) ;
#915 = ORIENTED_EDGE ( 'NONE', *, *, #496, .F. ) ;
#916 = LINE ( 'NONE', #297, #203 ) ;
#917 = DIRECTION ( 'NONE',  ( 2.585444407652689800E-013, -9.462128050782371900E-015, -1.000000000000000000 ) ) ;
#918 = ORIENTED_EDGE ( 'NONE', *, *, #1192, .T. ) ;
#919 = CIRCLE ( 'NONE', #82, 0.8894125883063541700 ) ;
#920 = CARTESIAN_POINT ( 'NONE',  ( 219.7799978150613600, -15.83722731103649800, -27.54809349588946400 ) ) ;
#921 = DIRECTION ( 'NONE',  ( 0.0000000000000000000, 1.000000000000000000, -0.0000000000000000000 ) ) ;
#922 = ORIENTED_EDGE ( 'NONE', *, *, #607, .T. ) ;
#923 = CARTESIAN_POINT ( 'NONE',  ( 218.8808250040315500, -13.54781472272985900, -28.49809349588973000 ) ) ;
#924 = CARTESIAN_POINT ( 'NONE',  ( 217.8280936543857000, -15.83722731103612300, -29.09809349589010100 ) ) ;
#925 = DIRECTION ( 'NONE',  ( -0.0000000000000000000, -1.000000000000000000, 9.462128050782371900E-015 ) ) ;
#926 = EDGE_CURVE ( 'NONE', #1923, #592, #89, .T. ) ;
#927 = DIRECTION ( 'NONE',  ( -3.703550051895145100E-013, 4.731064025391231700E-015, 1.000000000000000000 ) ) ;
#928 = CARTESIAN_POINT ( 'NONE',  ( 217.3280060177901900, -15.83722731103605800, -27.74837356446433700 ) ) ;
#929 = CARTESIAN_POINT ( 'NONE',  ( 220.4196390435813300, -13.03722731103649000, -29.29809349588975600 ) ) ;
#930 = CARTESIAN_POINT ( 'NONE',  ( 220.4336439902720600, -13.03722731103664000, -27.74837356446340000 ) ) ;
#931 = CARTESIAN_POINT ( 'NONE',  ( 220.9621187940921100, -15.53722731103665700, -29.40786482521122400 ) ) ;
#932 = ORIENTED_EDGE ( 'NONE', *, *, #1090, .F. ) ;
#933 = B_SPLINE_CURVE_WITH_KNOTS ( 'NONE', 1,
 ( #937, #803 ),
 .UNSPECIFIED., .F., .F.,
 ( 2, 2 ),
 ( -0.4696702932731114400, 0.0000000000000000000 ),
 .UNSPECIFIED. ) ;
#934 = FACE_OUTER_BOUND ( 'NONE', #1568, .T. ) ;
#935 = EDGE_CURVE ( 'NONE', #117, #1697, #27, .T. ) ;
#936 = ORIENTED_EDGE ( 'NONE', *, *, #841, .F. ) ;
#937 = CARTESIAN_POINT ( 'NONE',  ( 221.4808250040316600, -15.53722731103673000, -29.44809349588849700 ) ) ;
#938 = CARTESIAN_POINT ( 'NONE',  ( 219.7434786520794900, -14.65565644296662400, -28.49809349588938500 ) ) ;
#939 = ORIENTED_EDGE ( 'NONE', *, *, #1505, .T. ) ;
#940 = ORIENTED_EDGE ( 'NONE', *, *, #1738, .T. ) ;
#941 = CARTESIAN_POINT ( 'NONE',  ( 216.7995311651135100, -13.33722731103601000, -29.40786507039190000 ) ) ;
#942 = CARTESIAN_POINT ( 'NONE',  ( 216.7504952973047800, -15.53722731103602900, -29.44809349589018800 ) ) ;
#943 = EDGE_LOOP ( 'NONE', ( #283, #473, #1276, #43, #1209, #1279, #503, #234, #1542, #135, #1778, #1753, #1982 ) ) ;
#944 = VECTOR ( 'NONE', #30, 1000.000000000000000 ) ;
#945 = EDGE_CURVE ( 'NONE', #1469, #793, #808, .T. ) ;
#946 = PLANE ( 'NONE',  #1553 ) ;
#947 = DIRECTION ( 'NONE',  ( 1.000000000000000000, 0.0000000000000000000, 3.703550051895145100E-013 ) ) ;
#948 = AXIS2_PLACEMENT_3D ( 'NONE', #2021, #927, #947 ) ;
#949 = DIRECTION ( 'NONE',  ( 1.492191718724157600E-013, 1.000000000000000000, -2.365893969226774000E-013 ) ) ;
#950 = DIRECTION ( 'NONE',  ( -1.000000000000000000, 0.0000000000000000000, -3.816391647149042800E-013 ) ) ;
#951 = SURFACE_STYLE_FILL_AREA ( #251 ) ;
#952 =( LENGTH_UNIT ( ) NAMED_UNIT ( * ) SI_UNIT ( .MILLI., .METRE. ) );
#953 = CARTESIAN_POINT ( 'NONE',  ( 219.7702375923377900, -14.32876380323336500, -28.49809349588938500 ) ) ;
#954 = VECTOR ( 'NONE', #45, 1000.000000000000000 ) ;
#955 = CARTESIAN_POINT ( 'NONE',  ( 220.9621188429503600, -13.33722756103663600, -29.40786507039016200 ) ) ;
#956 = AXIS2_PLACEMENT_3D ( 'NONE', #1809, #1022, #97 ) ;
#957 = DIRECTION ( 'NONE',  ( -1.492191718724157600E-013, -1.000000000000000000, 2.365893969226774000E-013 ) ) ;
#958 = DIRECTION ( 'NONE',  ( 1.561203506072384100E-013, 1.000000000000000000, 8.320335162950581200E-014 ) ) ;
#959 = VERTEX_POINT ( 'NONE', #1015 ) ;
#960 = EDGE_LOOP ( 'NONE', ( #95, #1305, #294, #664 ) ) ;
#961 = VERTEX_POINT ( 'NONE', #87 ) ;
#962 = MANIFOLD_SURFACE_SHAPE_REPRESENTATION ( 'AA3528-09', ( #785, #1655 ), #1458 ) ;
#963 = AXIS2_PLACEMENT_3D ( 'NONE', #1303, #1310, #1295 ) ;
#964 = CARTESIAN_POINT ( 'NONE',  ( 217.0924278717372400, -15.53722731103611700, -28.34809349589034600 ) ) ;
#965 = ORIENTED_EDGE ( 'NONE', *, *, #647, .F. ) ;
#966 = EDGE_CURVE ( 'NONE', #117, #1873, #1252, .T. ) ;
#967 = OPEN_SHELL ( 'NONE', ( #211 ) ) ;
#968 = EDGE_LOOP ( 'NONE', ( #1416, #1774, #1333, #1426 ) ) ;
#969 = EDGE_LOOP ( 'NONE', ( #546, #1909, #1928, #1105 ) ) ;
#970 = CARTESIAN_POINT ( 'NONE',  ( 216.7995311651132200, -15.53722731103607700, -29.40786507039185000 ) ) ;
#971 = CARTESIAN_POINT ( 'NONE',  ( 217.2860695149273300, -13.33722731103609900, -28.49809349589085300 ) ) ;
#972 = DIRECTION ( 'NONE',  ( 0.0000000000000000000, 2.428612866364764200E-013, 1.000000000000000000 ) ) ;
#973 = CARTESIAN_POINT ( 'NONE',  ( 216.7504950473045800, -15.53722731103603400, -29.44809349589018800 ) ) ;
#974 = EDGE_CURVE ( 'NONE', #1806, #643, #472, .T. ) ;
#975 = CARTESIAN_POINT ( 'NONE',  ( 216.2808250040318700, -13.33722731103597200, -29.44809349589033300 ) ) ;
#976 = CARTESIAN_POINT ( 'NONE',  ( 220.9621188429503600, -13.33722756103663600, -29.40786507039016200 ) ) ;
#977 = EDGE_CURVE ( 'NONE', #1720, #699, #743, .T. ) ;
#978 = CARTESIAN_POINT ( 'NONE',  ( 218.6623958721147300, -15.29988095908832300, -28.49809349588979800 ) ) ;
#979 = AXIS2_PLACEMENT_3D ( 'NONE', #1920, #24, #1916 ) ;
#980 = ORIENTED_EDGE ( 'NONE', *, *, #890, .F. ) ;
#981 = DIRECTION ( 'NONE',  ( -0.9807173561751140200, 1.292765694282848100E-013, -0.1954314900339625400 ) ) ;
#982 = VECTOR ( 'NONE', #1618, 1000.000000000000000 ) ;
#983 = AXIS2_PLACEMENT_3D ( 'NONE', #1092, #624, #1868 ) ;
#984 = ADVANCED_FACE ( 'NONE', ( #1796 ), #1152, .T. ) ;
#985 = ORIENTED_EDGE ( 'NONE', *, *, #1786, .T. ) ;
#986 = FACE_OUTER_BOUND ( 'NONE', #2032, .T. ) ;
#987 = DIRECTION ( 'NONE',  ( -1.000000000000000000, 1.734723475976998200E-013, 1.387778780781598400E-013 ) ) ;
#988 = ORIENTED_EDGE ( 'NONE', *, *, #1241, .T. ) ;
#989 = ADVANCED_FACE ( 'NONE', ( #1999 ), #277, .F. ) ;
#990 = DIRECTION ( 'NONE',  ( 0.0000000000000000000, 0.0000000000000000000, 1.000000000000000000 ) ) ;
#991 = VERTEX_POINT ( 'NONE', #226 ) ;
#992 = EDGE_CURVE ( 'NONE', #1527, #1543, #1103, .T. ) ;
#993 = ORIENTED_EDGE ( 'NONE', *, *, #423, .T. ) ;
#994 = CARTESIAN_POINT ( 'NONE',  ( 216.2808250040318700, -13.33722731103597200, -29.44809349589033300 ) ) ;
#996 = STYLED_ITEM ( 'NONE', ( #1207 ), #785 ) ;
#995 = CARTESIAN_POINT ( 'NONE',  ( 218.8808250040306100, -14.43722731103629900, -26.20717620865815800 ) ) ;
#997 = DIRECTION ( 'NONE',  ( -1.000000000000000000, 0.0000000000000000000, -2.888742449314737600E-013 ) ) ;
#998 = ADVANCED_FACE ( 'NONE', ( #1516 ), #638, .T. ) ;
#999 = DIRECTION ( 'NONE',  ( 1.000000000000000000, 0.0000000000000000000, 2.902782473107703000E-013 ) ) ;
#1000 = B_SPLINE_CURVE_WITH_KNOTS ( 'NONE', 1,
 ( #339, #973 ),
 .UNSPECIFIED., .F., .F.,
 ( 2, 2 ),
 ( -6.394884621840996300E-014, 2.199999999999988600 ),
 .UNSPECIFIED. ) ;
#1001 = VECTOR ( 'NONE', #1661, 1000.000000000000000 ) ;
#1002 = DIRECTION ( 'NONE',  ( -1.000000000000000000, 0.0000000000000000000, -3.816391647149749100E-013 ) ) ;
#1003 = DIRECTION ( 'NONE',  ( 0.9975640502598247500, -2.521912314250217700E-013, 0.06975647374411851600 ) ) ;
#1004 = CIRCLE ( 'NONE', #1393, 0.04999999999999449300 ) ;
#1005 = EDGE_CURVE ( 'NONE', #275, #1503, #1730, .T. ) ;
#1006 = CARTESIAN_POINT ( 'NONE',  ( 218.1049663186892100, -14.00130352462562800, -28.49809349589002500 ) ) ;
#1007 = DIRECTION ( 'NONE',  ( -0.9975640502597530300, 1.265144284524829600E-013, -0.06975647374514550000 ) ) ;
#1008 = ORIENTED_EDGE ( 'NONE', *, *, #1866, .F. ) ;
#1009 = CARTESIAN_POINT ( 'NONE',  ( 218.2950478962803500, -13.76513169573218500, -28.49809349588994300 ) ) ;
#1010 = CARTESIAN_POINT ( 'NONE',  ( 221.0111547107588300, -13.33722731103666200, -29.44809349588869900 ) ) ;
#1011 = EDGE_LOOP ( 'NONE', ( #1705, #1135 ) ) ;
#1012 = ORIENTED_EDGE ( 'NONE', *, *, #1781, .T. ) ;
#1013 = LINE ( 'NONE', #1199, #406 ) ;
#1014 = ORIENTED_EDGE ( 'NONE', *, *, #1300, .T. ) ;
#1015 = CARTESIAN_POINT ( 'NONE',  ( 216.8497503607383100, -15.53722731103606100, -28.38832192138915300 ) ) ;
#1016 = VERTEX_POINT ( 'NONE', #749 ) ;
#1017 = CARTESIAN_POINT ( 'NONE',  ( 220.4755804931354200, -13.33722731103658700, -28.34809349588916300 ) ) ;
#1018 = ORIENTED_EDGE ( 'NONE', *, *, #1555, .T. ) ;
#1019 = CARTESIAN_POINT ( 'NONE',  ( 217.6808250040315300, -14.43722731103607900, -29.29809349589072200 ) ) ;
#1020 = LINE ( 'NONE', #650, #1069 ) ;
#1021 = ORIENTED_EDGE ( 'NONE', *, *, #671, .T. ) ;
#1022 = DIRECTION ( 'NONE',  ( 1.609380926319636500E-013, 1.000000000000000000, 1.320316404827011400E-013 ) ) ;
#1023 = ADVANCED_FACE ( 'NONE', ( #1372, #1900 ), #1849, .T. ) ;
#1024 = EDGE_CURVE ( 'NONE', #1502, #1544, #1463, .T. ) ;
#1025 = CARTESIAN_POINT ( 'NONE',  ( 221.4808250040317700, -13.33722731103668500, -29.29809349588879600 ) ) ;
#1027 = AXIS2_PLACEMENT_3D ( 'NONE', #1285, #343, #644 ) ;
#1026 = CARTESIAN_POINT ( 'NONE',  ( 218.8808250040318100, -13.23722731103624800, -29.29809349589038100 ) ) ;
#1028 = DIRECTION ( 'NONE',  ( -3.106082348198489100E-013, 7.434529182756753200E-015, 1.000000000000000000 ) ) ;
#1029 = B_SPLINE_CURVE_WITH_KNOTS ( 'NONE', 1,
 ( #840, #705 ),
 .UNSPECIFIED., .F., .F.,
 ( 2, 2 ),
 ( -0.3466121300465659400, 3.410605131648480900E-013 ),
 .UNSPECIFIED. ) ;
#1030 = CARTESIAN_POINT ( 'NONE',  ( 218.4422924708524400, -13.65418676659613300, -28.49809349588989300 ) ) ;
#1031 = SHAPE_DEFINITION_REPRESENTATION ( #1756, #962 ) ;
#1032 = DIRECTION ( 'NONE',  ( 1.000000000000000000, -0.0000000000000000000, 3.156473497055194200E-013 ) ) ;
#1033 = CARTESIAN_POINT ( 'NONE',  ( 217.9914124157248800, -14.43722731103613900, -28.49809349589002500 ) ) ;
#1034 = EDGE_CURVE ( 'NONE', #799, #1833, #1439, .T. ) ;
#1035 = CARTESIAN_POINT ( 'NONE',  ( 217.2808250040315000, -13.33722731103609900, -28.42309349589052300 ) ) ;
#1036 = ORIENTED_EDGE ( 'NONE', *, *, #966, .F. ) ;
#1037 =( NAMED_UNIT ( * ) SI_UNIT ( $, .STERADIAN. ) SOLID_ANGLE_UNIT ( ) );
#1038 = EDGE_LOOP ( 'NONE', ( #1150, #712, #847, #1971 ) ) ;
#1039 = AXIS2_PLACEMENT_3D ( 'NONE', #1156, #676, #1634 ) ;
#1040 = FACE_OUTER_BOUND ( 'NONE', #1837, .T. ) ;
#1041 = DIRECTION ( 'NONE',  ( -0.9975640502598510700, 1.790312701193115200E-013, 0.06975647374374204000 ) ) ;
#1042 = ORIENTED_EDGE ( 'NONE', *, *, #977, .F. ) ;
#1043 = LINE ( 'NONE', #208, #1499 ) ;
#1044 = ORIENTED_EDGE ( 'NONE', *, *, #1392, .F. ) ;
#1045 = VERTEX_POINT ( 'NONE', #582 ) ;
#1046 = CARTESIAN_POINT ( 'NONE',  ( 216.2808250040315800, -15.53722731103598800, -29.29809349589061900 ) ) ;
#1047 = ORIENTED_EDGE ( 'NONE', *, *, #543, .T. ) ;
#1048 = PLANE ( 'NONE',  #887 ) ;
#1049 = EDGE_CURVE ( 'NONE', #1585, #611, #1562, .T. ) ;
#1050 = CARTESIAN_POINT ( 'NONE',  ( 218.8808250040317200, -14.43722731103632600, -29.29809349588981200 ) ) ;
#1051 = DIRECTION ( 'NONE',  ( 0.0000000000000000000, 1.000000000000000000, -7.885106708985236800E-015 ) ) ;
#1052 = CARTESIAN_POINT ( 'NONE',  ( 219.4175147255419900, -15.14893265281044400, -28.49809349588962700 ) ) ;
#1053 = B_SPLINE_CURVE_WITH_KNOTS ( 'NONE', 1,
 ( #1343, #868 ),
 .UNSPECIFIED., .F., .F.,
 ( 2, 2 ),
 ( -6.665396427928786500E-014, 0.8866399105998267200 ),
 .UNSPECIFIED. ) ;
#1054 = EDGE_CURVE ( 'NONE', #865, #204, #1239, .T. ) ;
#1055 = CARTESIAN_POINT ( 'NONE',  ( 220.9621188429503600, -13.33722756103663600, -29.40786507039016200 ) ) ;
#1056 = CARTESIAN_POINT ( 'NONE',  ( 218.5267831555077300, -13.62083216808626700, -28.49809349588989000 ) ) ;
#1057 =( BOUNDED_SURFACE ( )  B_SPLINE_SURFACE ( 2, 1, ( 
 ( #1513, #422 ),
 ( #276, #583 ),
 ( #1847, #884 ),
 ( #902, #417 ),
 ( #105, #736 ),
 ( #1366, #1506 ),
 ( #876, #439 ),
 ( #2005, #563 ),
 ( #1991, #1520 ) ),
 .UNSPECIFIED., .T., .F., .F. ) 
 B_SPLINE_SURFACE_WITH_KNOTS ( ( 3, 2, 2, 2, 3 ),
 ( 2, 2 ),
 ( -3.141592653589793100, -1.570796326794897000, 0.0000000000000000000, 1.570796326794897000, 3.141592653589793100 ),
 ( 0.0000000000000000000, 3.315685400714475600 ),
 .UNSPECIFIED. ) 
 GEOMETRIC_REPRESENTATION_ITEM ( )  RATIONAL_B_SPLINE_SURFACE ( (
 ( 1.000000000000000000, 1.000000000000000000),
 ( 0.7071067811865474600, 0.7071067811865474600),
 ( 1.000000000000000000, 1.000000000000000000),
 ( 0.7071067811865474600, 0.7071067811865474600),
 ( 1.000000000000000000, 1.000000000000000000),
 ( 0.7071067811865474600, 0.7071067811865474600),
 ( 1.000000000000000000, 1.000000000000000000),
 ( 0.7071067811865474600, 0.7071067811865474600),
 ( 1.000000000000000000, 1.000000000000000000) ) ) 
 REPRESENTATION_ITEM ( '' )  SURFACE ( )  );
#1058 = FACE_OUTER_BOUND ( 'NONE', #1797, .T. ) ;
#1059 = CARTESIAN_POINT ( 'NONE',  ( 218.9893407130043700, -15.32169042751368500, -28.49809349588973400 ) ) ;
#1060 = DIRECTION ( 'NONE',  ( -3.941705497102743800E-013, 7.885106708985243100E-015, 1.000000000000000000 ) ) ;
#1061 = ORIENTED_EDGE ( 'NONE', *, *, #1073, .T. ) ;
#1062 = LINE ( 'NONE', #1941, #800 ) ;
#1063 = VERTEX_POINT ( 'NONE', #1218 ) ;
#1064 = DIRECTION ( 'NONE',  ( -0.0000000000000000000, -0.0000000000000000000, 1.000000000000000000 ) ) ;
#1065 = EDGE_LOOP ( 'NONE', ( #1855, #451, #84, #1297 ) ) ;
#1066 = CARTESIAN_POINT ( 'NONE',  ( 221.0111547107586600, -15.53722731103665900, -29.39809349588869800 ) ) ;
#1067 = CARTESIAN_POINT ( 'NONE',  ( 218.8808250040312400, -15.32663989934278300, -28.49809349588970900 ) ) ;
#1068 = VERTEX_POINT ( 'NONE', #1353 ) ;
#1069 = VECTOR ( 'NONE', #336, 1000.000000000000000 ) ;
#1070 = DIRECTION ( 'NONE',  ( 3.874215763014207500E-013, -8.673617379945524000E-015, -1.000000000000000000 ) ) ;
#1071 = VERTEX_POINT ( 'NONE', #425 ) ;
#1072 = DIRECTION ( 'NONE',  ( 1.000000000000000000, -1.495760967634275000E-013, 0.0000000000000000000 ) ) ;
#1073 = EDGE_CURVE ( 'NONE', #86, #204, #1706, .T. ) ;
#1074 = PLANE ( 'NONE',  #602 ) ;
#1075 = CARTESIAN_POINT ( 'NONE',  ( 220.4755804931351700, -14.43722731103661300, -28.49809349588970900 ) ) ;
#1076 = VECTOR ( 'NONE', #69, 1000.000000000000200 ) ;
#1077 = DIRECTION ( 'NONE',  ( 1.000000000000000000, 0.0000000000000000000, 3.941705497102743800E-013 ) ) ;
#1078 = DIRECTION ( 'NONE',  ( -0.06975647374306454000, -0.0000000000000000000, -0.9975640502598983600 ) ) ;
#1079 = CARTESIAN_POINT ( 'NONE',  ( 220.8628637795153800, -14.43722731103661000, -28.34809349588902800 ) ) ;
#1080 = DIRECTION ( 'NONE',  ( 0.0000000000000000000, 1.000000000000000000, -9.462128050782455500E-015 ) ) ;
#1081 = EDGE_CURVE ( 'NONE', #1381, #1617, #1525, .T. ) ;
#1082 = VERTEX_POINT ( 'NONE', #1859 ) ;
#1083 = DIRECTION ( 'NONE',  ( 0.9975640502600018300, -2.516449151688489600E-013, -0.06975647374158541700 ) ) ;
#1084 = EDGE_LOOP ( 'NONE', ( #1253, #2022, #64, #1159 ) ) ;
#1085 = VECTOR ( 'NONE', #370, 1000.000000000000000 ) ;
#1086 = VERTEX_POINT ( 'NONE', #909 ) ;
#1087 = CYLINDRICAL_SURFACE ( 'NONE', #1569, 0.05000000000014368000 ) ;
#1088 = ORIENTED_EDGE ( 'NONE', *, *, #187, .T. ) ;
#1089 = B_SPLINE_CURVE_WITH_KNOTS ( 'NONE', 3,
 ( #1682, #1378, #1512, #1841, #1831, #1995, #1052, #274, #119, #1204, #740, #269, #1364, #126, #1844, #1059, #1541, #461 ),
 .UNSPECIFIED., .F., .F.,
 ( 4, 2, 2, 2, 2, 2, 2, 2, 4 ),
 ( 0.0000000000000000000, 0.2499999999999968400, 0.4999999999999936700, 0.6249999999999732400, 0.6874999999999883400, 0.7500000000000033300, 0.8125000000000184300, 0.8750000000000335300, 1.000000000000000000 ),
 .UNSPECIFIED. ) ;
#1090 = EDGE_CURVE ( 'NONE', #1428, #381, #1694, .T. ) ;
#1091 = ORIENTED_EDGE ( 'NONE', *, *, #1278, .T. ) ;
#1092 = CARTESIAN_POINT ( 'NONE',  ( 217.3717789855593600, -14.80835045458933900, -28.34809349589014700 ) ) ;
#1093 = ORIENTED_EDGE ( 'NONE', *, *, #1228, .F. ) ;
#1094 = DIRECTION ( 'NONE',  ( -2.886613904728192100E-013, 1.170248880304352000E-014, 1.000000000000000000 ) ) ;
#1095 = EDGE_CURVE ( 'NONE', #1217, #1071, #1089, .T. ) ;
#1096 = DIRECTION ( 'NONE',  ( 0.9975640502598195300, -1.789448356960220900E-013, 0.06975647374419390000 ) ) ;
#1097 = COLOUR_RGB ( '',0.0000000000000000000, 0.0000000000000000000, 0.0000000000000000000 ) ;
#1098 = CIRCLE ( 'NONE', #1604, 0.05000000000005000400 ) ;
#1099 = CARTESIAN_POINT ( 'NONE',  ( 218.0112103030415400, -14.62572980068618000, -28.49809349589002100 ) ) ;
#1100 = CARTESIAN_POINT ( 'NONE',  ( 220.7398056162893200, -15.53722731103662200, -28.49809349588958800 ) ) ;
#1101 = EDGE_LOOP ( 'NONE', ( #1864, #196, #1851, #801 ) ) ;
#1102 = DIRECTION ( 'NONE',  ( -1.000000000000000000, 0.0000000000000000000, -3.238150488490096800E-013 ) ) ;
#1103 = CIRCLE ( 'NONE', #536, 0.05000000000013327100 ) ;
#1104 = EDGE_CURVE ( 'NONE', #86, #748, #1887, .T. ) ;
#1105 = ORIENTED_EDGE ( 'NONE', *, *, #779, .T. ) ;
#1106 =( NAMED_UNIT ( * ) SI_UNIT ( $, .STERADIAN. ) SOLID_ANGLE_UNIT ( ) );
#1107 = VECTOR ( 'NONE', #604, 1000.000000000000000 ) ;
#1108 = ORIENTED_EDGE ( 'NONE', *, *, #584, .T. ) ;
#1109 = ORIENTED_EDGE ( 'NONE', *, *, #1104, .T. ) ;
#1110 = DIRECTION ( 'NONE',  ( -3.237780195086855500E-013, 7.434529182757480500E-015, 1.000000000000000000 ) ) ;
#1111 = PLANE ( 'NONE',  #1370 ) ;
#1112 = VECTOR ( 'NONE', #763, 999.9999999999998900 ) ;
#1113 = ORIENTED_EDGE ( 'NONE', *, *, #1521, .T. ) ;
#1114 = CARTESIAN_POINT ( 'NONE',  ( 220.0808250040313400, -14.43722731103656700, -29.29809349588936100 ) ) ;
#1115 = AXIS2_PLACEMENT_3D ( 'NONE', #192, #1725, #1583 ) ;
#1116 = DIRECTION ( 'NONE',  ( -0.0000000000000000000, -0.0000000000000000000, -1.000000000000000000 ) ) ;
#1117 = CARTESIAN_POINT ( 'NONE',  ( 217.3717789855593600, -14.80835045458933900, -28.34809349589025000 ) ) ;
#1118 = DIRECTION ( 'NONE',  ( 0.0000000000000000000, 2.428612866364764200E-013, 1.000000000000000000 ) ) ;
#1119 = CYLINDRICAL_SURFACE ( 'NONE', #317, 0.04999999999999449300 ) ;
#1120 = EDGE_CURVE ( 'NONE', #2028, #1683, #1360, .T. ) ;
#1121 = CARTESIAN_POINT ( 'NONE',  ( 216.2808250040319000, -13.33722731103596200, -28.34809349589027100 ) ) ;
#1122 = AXIS2_PLACEMENT_3D ( 'NONE', #1888, #1096, #1407 ) ;
#1123 = CARTESIAN_POINT ( 'NONE',  ( 220.7888414840982100, -13.33722731103661000, -28.53832192138737900 ) ) ;
#1124 = ORIENTED_EDGE ( 'NONE', *, *, #312, .F. ) ;
#1125 = VERTEX_POINT ( 'NONE', #924 ) ;
#1126 = CARTESIAN_POINT ( 'NONE',  ( 216.6764730018871900, -13.33722731103601500, -29.25786507039213200 ) ) ;
#1127 = PRESENTATION_STYLE_ASSIGNMENT (( #1897 ) ) ;
#1128 = DIRECTION ( 'NONE',  ( 3.845303705082123700E-013, -8.673617379884251600E-015, -1.000000000000000000 ) ) ;
#1129 = ORIENTED_EDGE ( 'NONE', *, *, #1090, .T. ) ;
#1130 = EDGE_CURVE ( 'NONE', #431, #666, #919, .T. ) ;
#1131 = VECTOR ( 'NONE', #780, 1000.000000000000100 ) ;
#1132 = ORIENTED_EDGE ( 'NONE', *, *, #1202, .F. ) ;
#1133 = CARTESIAN_POINT ( 'NONE',  ( 221.1342128739849500, -15.53722731103671800, -29.29809349588888200 ) ) ;
#1134 = VERTEX_POINT ( 'NONE', #149 ) ;
#1135 = ORIENTED_EDGE ( 'NONE', *, *, #1944, .T. ) ;
#1136 = ORIENTED_EDGE ( 'NONE', *, *, #890, .T. ) ;
#1138 = AXIS2_PLACEMENT_3D ( 'NONE', #851, #1164, #1464 ) ;
#1137 = CARTESIAN_POINT ( 'NONE',  ( 218.8808250040306100, -14.43722731103629900, -26.20717620865816100 ) ) ;
#1139 = CARTESIAN_POINT ( 'NONE',  ( 218.7723092950583100, -15.32169042751363000, -28.49809349588976600 ) ) ;
#1140 = ADVANCED_FACE ( 'NONE', ( #190 ), #9, .T. ) ;
#1141 = DIRECTION ( 'NONE',  ( -2.506164554900021900E-013, -1.000000000000000000, 0.0000000000000000000 ) ) ;
#1142 = ADVANCED_FACE ( 'NONE', ( #1288 ), #154, .T. ) ;
#1143 = EDGE_CURVE ( 'NONE', #717, #1068, #235, .T. ) ;
#1144 = DIRECTION ( 'NONE',  ( -0.1954314900331744500, 0.0000000000000000000, -0.9807173561752708900 ) ) ;
#1145 = B_SPLINE_CURVE_WITH_KNOTS ( 'NONE', 1,
 ( #1993, #101 ),
 .UNSPECIFIED., .F., .F.,
 ( 2, 2 ),
 ( -9.184687203853128900E-028, 2.200000000000035300 ),
 .UNSPECIFIED. ) ;
#1146 = FACE_OUTER_BOUND ( 'NONE', #795, .T. ) ;
#1147 = CARTESIAN_POINT ( 'NONE',  ( 216.7995311651134500, -14.43722731103604900, -29.40786507039186400 ) ) ;
#1148 = CARTESIAN_POINT ( 'NONE',  ( 220.0808250040316000, -14.43722731103656700, -29.29809349589003300 ) ) ;
#1149 = EDGE_CURVE ( 'NONE', #202, #404, #1684, .T. ) ;
#1150 = ORIENTED_EDGE ( 'NONE', *, *, #1715, .F. ) ;
#1151 = PLANE ( 'NONE',  #963 ) ;
#1152 = CYLINDRICAL_SURFACE ( 'NONE', #438, 0.05000000000013327100 ) ;
#1153 = VERTEX_POINT ( 'NONE', #929 ) ;
#1154 = VECTOR ( 'NONE', #266, 1000.000000000000000 ) ;
#1155 = VERTEX_POINT ( 'NONE', #1528 ) ;
#1156 = CARTESIAN_POINT ( 'NONE',  ( 220.4860695149269500, -13.77860827769725000, -28.34809349588912400 ) ) ;
#1157 = ORIENTED_EDGE ( 'NONE', *, *, #1824, .F. ) ;
#1158 = ADVANCED_FACE ( 'NONE', ( #122 ), #1237, .T. ) ;
#1159 = ORIENTED_EDGE ( 'NONE', *, *, #714, .F. ) ;
#1160 = CARTESIAN_POINT ( 'NONE',  ( 220.4755804931355700, -13.33722731103658900, -28.34809349588913100 ) ) ;
#1161 = PLANE ( 'NONE',  #1533 ) ;
#1163 = AXIS2_PLACEMENT_3D ( 'NONE', #606, #1402, #1714 ) ;
#1162 = CARTESIAN_POINT ( 'NONE',  ( 217.6808250040315300, -14.43722731103607900, -29.29809349589072200 ) ) ;
#1164 = DIRECTION ( 'NONE',  ( 1.561203506072384100E-013, 1.000000000000000000, 8.320335162950581200E-014 ) ) ;
#1165 = CARTESIAN_POINT ( 'NONE',  ( 220.7003600442945400, -14.06610416748338800, -28.34809349588909200 ) ) ;
#1166 = CARTESIAN_POINT ( 'NONE',  ( 221.0851769573185400, -13.33722731103664200, -29.25786482521124700 ) ) ;
#1167 = FACE_OUTER_BOUND ( 'NONE', #1101, .T. ) ;
#1168 = ADVANCED_FACE ( 'NONE', ( #900, #1861 ), #1722, .T. ) ;
#1169 = EDGE_CURVE ( 'NONE', #1045, #1926, #873, .T. ) ;
#1170 = CARTESIAN_POINT ( 'NONE',  ( 219.3193575372173700, -13.65418676660053300, -28.49809349588965500 ) ) ;
#1171 = B_SPLINE_CURVE_WITH_KNOTS ( 'NONE', 1,
 ( #656, #171 ),
 .UNSPECIFIED., .F., .F.,
 ( 2, 2 ),
 ( -2.200000000000042400, 4.796163466380676300E-014 ),
 .UNSPECIFIED. ) ;
#1172 = CARTESIAN_POINT ( 'NONE',  ( 220.4336437402720900, -13.03722731103657400, -27.74837356446336400 ) ) ;
#1173 = ORIENTED_EDGE ( 'NONE', *, *, #35, .T. ) ;
#1174 = CARTESIAN_POINT ( 'NONE',  ( 216.2808250040319000, -13.33722731103596900, -29.29809349589059100 ) ) ;
#1175 =( NAMED_UNIT ( * ) PLANE_ANGLE_UNIT ( ) SI_UNIT ( $, .RADIAN. ) );
#1176 = CARTESIAN_POINT ( 'NONE',  ( 219.4233627908313900, -13.72205250916584200, -28.49809349588963100 ) ) ;
#1177 = ORIENTED_EDGE ( 'NONE', *, *, #1024, .F. ) ;
#1178 = VECTOR ( 'NONE', #99, 1000.000000000000000 ) ;
#1179 = EDGE_LOOP ( 'NONE', ( #327, #2029, #1882 ) ) ;
#1180 = SURFACE_SIDE_STYLE ('',( #1675 ) ) ;
#1181 = ADVANCED_FACE ( 'NONE', ( #1334 ), #1386, .T. ) ;
#1182 = LINE ( 'NONE', #1842, #1981 ) ;
#1183 = ORIENTED_EDGE ( 'NONE', *, *, #125, .F. ) ;
#1184 = CARTESIAN_POINT ( 'NONE',  ( 220.6076930547123400, -13.33722731103660000, -28.49809349588966600 ) ) ;
#1185 = EDGE_CURVE ( 'NONE', #1962, #181, #144, .T. ) ;
#1186 = CARTESIAN_POINT ( 'NONE',  ( 220.4808250040314900, -13.03722756103664800, -28.42309349588945000 ) ) ;
#1187 = EDGE_LOOP ( 'NONE', ( #891, #1627, #1445, #1008, #1212, #1286, #197, #433, #596, #1911, #180, #1857, #616 ) ) ;
#1188 = FACE_OUTER_BOUND ( 'NONE', #1625, .T. ) ;
#1189 = CARTESIAN_POINT ( 'NONE',  ( 219.6972201469824000, -14.08318546251372400, -28.49809349588955200 ) ) ;
#1190 = ORIENTED_EDGE ( 'NONE', *, *, #1120, .T. ) ;
#1191 = DIRECTION ( 'NONE',  ( -1.000000000000000000, 2.428612866361056500E-013, 0.0000000000000000000 ) ) ;
#1192 = EDGE_CURVE ( 'NONE', #748, #865, #510, .T. ) ;
#1193 = CARTESIAN_POINT ( 'NONE',  ( 216.2808250040315800, -15.53722731103596800, -28.34809349589027100 ) ) ;
#1194 = CARTESIAN_POINT ( 'NONE',  ( 218.8808250040306100, -14.43722731103629900, -26.20717620865816100 ) ) ;
#1195 = AXIS2_PLACEMENT_3D ( 'NONE', #1385, #1250, #787 ) ;
#1196 = CARTESIAN_POINT ( 'NONE',  ( 220.4755804931354200, -13.33722731103658700, -28.34809349588916300 ) ) ;
#1197 = PRODUCT_DEFINITION_CONTEXT ( 'detailed design', #1482, 'design' ) ;
#1198 = VECTOR ( 'NONE', #1051, 1000.000000000000000 ) ;
#1199 = CARTESIAN_POINT ( 'NONE',  ( 217.9816521930009100, -13.03722731103610900, -27.64823353017709100 ) ) ;
#1200 = CARTESIAN_POINT ( 'NONE',  ( 220.4808250040314000, -13.33722731103658900, -28.42309349588912700 ) ) ;
#1201 = CARTESIAN_POINT ( 'NONE',  ( 218.8808250040305300, -14.43722731103629900, -26.20717620865811500 ) ) ;
#1202 = EDGE_CURVE ( 'NONE', #1697, #225, #1214, .T. ) ;
#1203 = CARTESIAN_POINT ( 'NONE',  ( 217.3420109644818600, -15.35114462113200800, -29.29809349589027800 ) ) ;
#1204 = CARTESIAN_POINT ( 'NONE',  ( 219.2636463988599200, -15.24059635484476500, -28.49809349588966600 ) ) ;
#1205 = ORIENTED_EDGE ( 'NONE', *, *, #992, .T. ) ;
#1206 = MECHANICAL_DESIGN_GEOMETRIC_PRESENTATION_REPRESENTATION (  '', ( #996 ), #784 ) ;
#1207 = PRESENTATION_STYLE_ASSIGNMENT (( #421 ) ) ;
#1208 = CARTESIAN_POINT ( 'NONE',  ( 220.6076930547123400, -15.53722731103662900, -28.49809349588964500 ) ) ;
#1209 = ORIENTED_EDGE ( 'NONE', *, *, #683, .F. ) ;
#1210 = LINE ( 'NONE', #1459, #38 ) ;
#1211 = ORIENTED_EDGE ( 'NONE', *, *, #935, .T. ) ;
#1212 = ORIENTED_EDGE ( 'NONE', *, *, #1034, .F. ) ;
#1213 = CARTESIAN_POINT ( 'NONE',  ( 220.4196390435813000, -15.83722731103666000, -29.29809349588923700 ) ) ;
#1214 = LINE ( 'NONE', #619, #944 ) ;
#1215 = EDGE_CURVE ( 'NONE', #1642, #1921, #1320, .T. ) ;
#1216 = DIRECTION ( 'NONE',  ( 0.0000000000000000000, -9.462128050785446900E-015, -1.000000000000000000 ) ) ;
#1217 = VERTEX_POINT ( 'NONE', #1743 ) ;
#1218 = CARTESIAN_POINT ( 'NONE',  ( 217.2808250040315000, -13.78022416950441100, -28.42309349589055500 ) ) ;
#1219 = CARTESIAN_POINT ( 'NONE',  ( 216.9728085239648000, -13.33722756103603400, -28.53832192138977300 ) ) ;
#1220 = CARTESIAN_POINT ( 'NONE',  ( 218.7723092950573100, -13.55276419455895700, -28.49809349588980800 ) ) ;
#1221 = LINE ( 'NONE', #1079, #1412 ) ;
#1222 = AXIS2_PLACEMENT_3D ( 'NONE', #1579, #323, #1746 ) ;
#1223 = PLANE ( 'NONE',  #589 ) ;
#1224 = PLANE ( 'NONE',  #809 ) ;
#1225 = ORIENTED_EDGE ( 'NONE', *, *, #1081, .F. ) ;
#1226 = ORIENTED_EDGE ( 'NONE', *, *, #1989, .F. ) ;
#1227 = DIRECTION ( 'NONE',  ( -1.000000000000000000, 0.0000000000000000000, -3.700743415415884000E-013 ) ) ;
#1228 = EDGE_CURVE ( 'NONE', #1068, #1016, #1427, .T. ) ;
#1229 = FACE_OUTER_BOUND ( 'NONE', #2019, .T. ) ;
#1230 = ORIENTED_EDGE ( 'NONE', *, *, #344, .T. ) ;
#1231 = CARTESIAN_POINT ( 'NONE',  ( 219.7799978150616800, -13.03722731103650800, -27.74837356446358800 ) ) ;
#1232 = CARTESIAN_POINT ( 'NONE',  ( 219.7276124009482300, -14.71083905595038400, -28.49809349588940000 ) ) ;
#1233 = FACE_OUTER_BOUND ( 'NONE', #969, .T. ) ;
#1234 = ORIENTED_EDGE ( 'NONE', *, *, #156, .T. ) ;
#1235 = VERTEX_POINT ( 'NONE', #346 ) ;
#1236 = FACE_OUTER_BOUND ( 'NONE', #1728, .T. ) ;
#1237 = PLANE ( 'NONE',  #1163 ) ;
#1238 = ORIENTED_EDGE ( 'NONE', *, *, #455, .T. ) ;
#1239 = B_SPLINE_CURVE_WITH_KNOTS ( 'NONE', 1,
 ( #2010, #893 ),
 .UNSPECIFIED., .F., .F.,
 ( 2, 2 ),
 ( 0.0000000000000000000, 0.07518314235609789600 ),
 .UNSPECIFIED. ) ;
#1240 = PLANE ( 'NONE',  #908 ) ;
#1241 = EDGE_CURVE ( 'NONE', #1798, #185, #386, .T. ) ;
#1242 = CARTESIAN_POINT ( 'NONE',  ( 217.8280936543857500, -15.83722731103626200, -29.29809349589011100 ) ) ;
#1243 = CARTESIAN_POINT ( 'NONE',  ( 218.8808250040313500, -14.43722731103641400, -28.49809349588971900 ) ) ;
#1244 = DIRECTION ( 'NONE',  ( 3.818435951597356100E-013, -6.825500524348140200E-014, -1.000000000000000000 ) ) ;
#1245 = DIRECTION ( 'NONE',  ( -0.06958737431688878600, 0.06958737431657806300, 0.9951458157834989200 ) ) ;
#1246 = CIRCLE ( 'NONE', #886, 0.2999999999999392000 ) ;
#1247 = DIRECTION ( 'NONE',  ( -4.157514396699375300E-013, -0.0000000000000000000, 1.000000000000000000 ) ) ;
#1248 = DIRECTION ( 'NONE',  ( 1.000000000000000000, 0.0000000000000000000, 2.886613904728666200E-013 ) ) ;
#1249 = EDGE_CURVE ( 'NONE', #1134, #1519, #1171, .T. ) ;
#1250 = DIRECTION ( 'NONE',  ( 2.054563116860150600E-013, 1.000000000000000000, -1.090397613470668000E-014 ) ) ;
#1251 = ORIENTED_EDGE ( 'NONE', *, *, #557, .T. ) ;
#1252 = LINE ( 'NONE', #562, #1298 ) ;
#1253 = ORIENTED_EDGE ( 'NONE', *, *, #794, .T. ) ;
#1254 = FACE_OUTER_BOUND ( 'NONE', #1952, .T. ) ;
#1255 = DIRECTION ( 'NONE',  ( 4.157514396699375300E-013, 0.0000000000000000000, -1.000000000000000000 ) ) ;
#1256 = EDGE_LOOP ( 'NONE', ( #1591, #980, #1091, #1012 ) ) ;
#1257 = AXIS2_PLACEMENT_3D ( 'NONE', #1174, #107, #100 ) ;
#1258 = AXIS2_PLACEMENT_3D ( 'NONE', #469, #1670, #1707 ) ;
#1259 = ORIENTED_EDGE ( 'NONE', *, *, #61, .F. ) ;
#1260 = CARTESIAN_POINT ( 'NONE',  ( 221.1342128739849200, -15.53722731103669700, -29.29809349588888500 ) ) ;
#1261 = DIRECTION ( 'NONE',  ( 0.06975647374423935000, -2.564764572937283900E-014, -0.9975640502598162000 ) ) ;
#1262 = OPEN_SHELL ( 'NONE', ( #1988, #870, #1933, #1023, #71, #104, #526, #726, #1605, #371, #1819, #1450, #1764, #1181, #53, #663 ) ) ;
#1263 = FACE_OUTER_BOUND ( 'NONE', #134, .T. ) ;
#1264 = ORIENTED_EDGE ( 'NONE', *, *, #354, .T. ) ;
#1265 = B_SPLINE_CURVE_WITH_KNOTS ( 'NONE', 1,
 ( #217, #1314 ),
 .UNSPECIFIED., .F., .F.,
 ( 2, 2 ),
 ( -2.842170943046459200E-014, 0.1500000000000057100 ),
 .UNSPECIFIED. ) ;
#1266 = CARTESIAN_POINT ( 'NONE',  ( 220.4808249865918700, -15.83722731103667800, -28.42309324649845700 ) ) ;
#1267 = CARTESIAN_POINT ( 'NONE',  ( 218.2087293887304000, -15.02300441879255100, -28.49809349588997200 ) ) ;
#1268 = CARTESIAN_POINT ( 'NONE',  ( 217.2834472594790900, -15.53722731103612800, -28.46059349589068100 ) ) ;
#1269 = CARTESIAN_POINT ( 'NONE',  ( 217.2808250040316700, -13.03722731103599700, -28.42309349589001900 ) ) ;
#1270 = DIRECTION ( 'NONE',  ( 3.874215763014207500E-013, -8.673617379945524000E-015, -1.000000000000000000 ) ) ;
#1271 = AXIS2_PLACEMENT_3D ( 'NONE', #1243, #1094, #1248 ) ;
#1272 = VECTOR ( 'NONE', #1611, 1000.000000000000000 ) ;
#1273 = CARTESIAN_POINT ( 'NONE',  ( 220.7888414840982400, -13.33722731103661600, -28.53832192138740400 ) ) ;
#1274 = CARTESIAN_POINT ( 'NONE',  ( 217.5780596282394900, -15.58719328488970700, -29.29809349589027800 ) ) ;
#1275 = CARTESIAN_POINT ( 'NONE',  ( 219.7799978150611900, -15.83722731103649100, -27.64823353017652300 ) ) ;
#1276 = ORIENTED_EDGE ( 'NONE', *, *, #1726, .F. ) ;
#1277 = DIRECTION ( 'NONE',  ( -3.676773088052979500E-013, 2.884785801454918800E-014, 1.000000000000000000 ) ) ;
#1278 = EDGE_CURVE ( 'NONE', #875, #32, #1383, .T. ) ;
#1279 = ORIENTED_EDGE ( 'NONE', *, *, #1750, .F. ) ;
#1280 = ORIENTED_EDGE ( 'NONE', *, *, #1711, .T. ) ;
#1281 = CARTESIAN_POINT ( 'NONE',  ( 220.0808250040316200, -14.43722731103632600, -29.29809349588934700 ) ) ;
#1282 = CIRCLE ( 'NONE', #1901, 0.8894125883062986600 ) ;
#1283 = VERTEX_POINT ( 'NONE', #498 ) ;
#1284 = FACE_OUTER_BOUND ( 'NONE', #1441, .T. ) ;
#1285 = CARTESIAN_POINT ( 'NONE',  ( 220.4003600442947600, -14.06610416748335600, -28.49809349588973700 ) ) ;
#1286 = ORIENTED_EDGE ( 'NONE', *, *, #1545, .F. ) ;
#1287 = DIRECTION ( 'NONE',  ( -1.000000000000000000, 0.0000000000000000000, -3.845303705082123700E-013 ) ) ;
#1288 = FACE_OUTER_BOUND ( 'NONE', #1398, .T. ) ;
#1289 = ORIENTED_EDGE ( 'NONE', *, *, #935, .F. ) ;
#1290 = EDGE_CURVE ( 'NONE', #204, #571, #1595, .T. ) ;
#1291 = DIRECTION ( 'NONE',  ( -1.000000000000000000, 0.0000000000000000000, -3.874215763015206100E-013 ) ) ;
#1292 = ADVANCED_FACE ( 'NONE', ( #819 ), #1808, .F. ) ;
#1293 = DIRECTION ( 'NONE',  ( -0.0000000000000000000, -1.000000000000000000, 1.115179377413398400E-014 ) ) ;
#1294 = EDGE_CURVE ( 'NONE', #381, #157, #1408, .T. ) ;
#1295 = DIRECTION ( 'NONE',  ( -1.121820725725693200E-013, -1.000000000000000000, 0.0000000000000000000 ) ) ;
#1296 =( BOUNDED_CURVE ( )  B_SPLINE_CURVE ( 2, ( #223, #682, #513, #374, #360 ),
 .UNSPECIFIED., .F., .F. ) 
 B_SPLINE_CURVE_WITH_KNOTS ( ( 3, 2, 3 ),
 ( 0.0000000000000000000, 0.001875610357297383700, 0.003751220714594766600 ),
 .UNSPECIFIED. ) 
 CURVE ( )  GEOMETRIC_REPRESENTATION_ITEM ( )  RATIONAL_B_SPLINE_CURVE ( ( 1.000000000000002200, 0.7071067811865454600, 1.000000000000000000, 0.7071067811865474600, 1.000000000000000000 ) ) 
 REPRESENTATION_ITEM ( '' )  );
#1297 = ORIENTED_EDGE ( 'NONE', *, *, #169, .T. ) ;
#1298 = VECTOR ( 'NONE', #395, 1000.000000000000000 ) ;
#1299 = ORIENTED_EDGE ( 'NONE', *, *, #1834, .T. ) ;
#1300 = EDGE_CURVE ( 'NONE', #747, #1283, #42, .T. ) ;
#1301 = VECTOR ( 'NONE', #1713, 1000.000000000000000 ) ;
#1302 = ORIENTED_EDGE ( 'NONE', *, *, #522, .T. ) ;
#1303 = CARTESIAN_POINT ( 'NONE',  ( 220.7003600442946000, -14.06610416748341100, -28.49809349588908300 ) ) ;
#1304 = ADVANCED_FACE ( 'NONE', ( #1263 ), #1572, .T. ) ;
#1305 = ORIENTED_EDGE ( 'NONE', *, *, #2035, .T. ) ;
#1306 = DIRECTION ( 'NONE',  ( 0.06975647374363429200, 0.0000000000000000000, 0.9975640502598586100 ) ) ;
#1307 = VERTEX_POINT ( 'NONE', #802 ) ;
#1308 = VECTOR ( 'NONE', #832, 1000.000000000000000 ) ;
#1309 = CARTESIAN_POINT ( 'NONE',  ( 217.6808250040314200, -15.63722731103589700, -29.29809349589006800 ) ) ;
#1310 = DIRECTION ( 'NONE',  ( -1.000000000000000000, 1.121820725725693200E-013, 0.0000000000000000000 ) ) ;
#1311 = ADVANCED_FACE ( 'NONE', ( #1910 ), #1959, .T. ) ;
#1312 = ADVANCED_FACE ( 'NONE', ( #1188 ), #1111, .T. ) ;
#1313 = EDGE_CURVE ( 'NONE', #1718, #1235, #1020, .T. ) ;
#1314 = CARTESIAN_POINT ( 'NONE',  ( 220.4860695149269500, -13.77860852769722500, -28.34809349588914200 ) ) ;
#1315 = CARTESIAN_POINT ( 'NONE',  ( 217.3280060177901900, -15.83722731103605800, -27.74837356446433700 ) ) ;
#1316 = CYLINDRICAL_SURFACE ( 'NONE', #488, 0.05000000000005694300 ) ;
#1317 = CARTESIAN_POINT ( 'NONE',  ( 221.0851770061763900, -13.33722731103661000, -29.25786507039058600 ) ) ;
#1318 = CARTESIAN_POINT ( 'NONE',  ( 218.8808250040306100, -14.43722731103629900, -26.20717620865816100 ) ) ;
#1319 = CARTESIAN_POINT ( 'NONE',  ( 220.7003600442945400, -14.06610416748338800, -28.49809349588964100 ) ) ;
#1320 = B_SPLINE_CURVE_WITH_KNOTS ( 'NONE', 1,
 ( #1889, #188 ),
 .UNSPECIFIED., .F., .F.,
 ( 2, 2 ),
 ( -2.842170943046054700E-014, 0.1499999999996931600 ),
 .UNSPECIFIED. ) ;
#1321 = ORIENTED_EDGE ( 'NONE', *, *, #1505, .F. ) ;
#1322 = CARTESIAN_POINT ( 'NONE',  ( 218.0181713559800000, -14.21879817911716500, -28.49809349589004600 ) ) ;
#1323 = AXIS2_PLACEMENT_3D ( 'NONE', #1739, #957, #1118 ) ;
#1324 = ORIENTED_EDGE ( 'NONE', *, *, #779, .F. ) ;
#1325 = EDGE_LOOP ( 'NONE', ( #1302, #121, #227, #1177 ) ) ;
#1326 = FACE_OUTER_BOUND ( 'NONE', #639, .T. ) ;
#1327 = EDGE_CURVE ( 'NONE', #285, #1469, #504, .T. ) ;
#1328 = CARTESIAN_POINT ( 'NONE',  ( 220.0808250040313400, -14.43722731103656700, -29.29809349588936100 ) ) ;
#1329 = PRODUCT_CONTEXT ( 'NONE', #1827, 'mechanical' ) ;
#1330 = ORIENTED_EDGE ( 'NONE', *, *, #1081, .T. ) ;
#1331 = CARTESIAN_POINT ( 'NONE',  ( 218.8808250040314900, -13.54781472272981100, -28.49809349588978000 ) ) ;
#1332 = LINE ( 'NONE', #1936, #1397 ) ;
#1333 = ORIENTED_EDGE ( 'NONE', *, *, #1169, .F. ) ;
#1334 = FACE_OUTER_BOUND ( 'NONE', #1325, .T. ) ;
#1335 = EDGE_LOOP ( 'NONE', ( #1355, #1061, #14, #940 ) ) ;
#1336 = EDGE_CURVE ( 'NONE', #1153, #798, #450, .T. ) ;
#1337 = DIRECTION ( 'NONE',  ( -1.484078921267834700E-013, -1.000000000000000000, 9.462128050782253500E-015 ) ) ;
#1338 = AXIS2_PLACEMENT_3D ( 'NONE', #328, #1110, #506 ) ;
#1339 = ADVANCED_FACE ( 'NONE', ( #2030 ), #1624, .T. ) ;
#1340 = CARTESIAN_POINT ( 'NONE',  ( 221.0111547107586600, -15.53722731103669300, -29.44809349588868100 ) ) ;
#1341 =( LENGTH_UNIT ( ) NAMED_UNIT ( * ) SI_UNIT ( .MILLI., .METRE. ) );
#1342 = DIRECTION ( 'NONE',  ( -0.06975647374414042900, 2.373254093863976700E-014, 0.9975640502598232000 ) ) ;
#1343 = CARTESIAN_POINT ( 'NONE',  ( 216.6764730507447600, -15.53722731103606800, -29.25786482521279600 ) ) ;
#1344 = CARTESIAN_POINT ( 'NONE',  ( 217.3717789855594700, -14.06610416748290500, -28.49809349589081400 ) ) ;
#1345 = EDGE_CURVE ( 'NONE', #1804, #821, #93, .T. ) ;
#1346 = DIRECTION ( 'NONE',  ( -1.000000000000000000, 2.428612866370493500E-013, -1.387778780783139300E-013 ) ) ;
#1347 = DIRECTION ( 'NONE',  ( -1.000000000000000000, 1.387778780783139300E-013, 0.0000000000000000000 ) ) ;
#1348 = ADVANCED_FACE ( 'NONE', ( #770 ), #537, .T. ) ;
#1349 = DIRECTION ( 'NONE',  ( 3.863939288425929900E-013, -4.279876556622241400E-014, -1.000000000000000000 ) ) ;
#1350 = ORIENTED_EDGE ( 'NONE', *, *, #926, .F. ) ;
#1351 = FACE_OUTER_BOUND ( 'NONE', #547, .T. ) ;
#1352 = ORIENTED_EDGE ( 'NONE', *, *, #2013, .F. ) ;
#1353 = CARTESIAN_POINT ( 'NONE',  ( 217.2860695149273100, -13.33722731103609000, -28.49809349589087000 ) ) ;
#1354 = FACE_OUTER_BOUND ( 'NONE', #1065, .T. ) ;
#1355 = ORIENTED_EDGE ( 'NONE', *, *, #1494, .T. ) ;
#1356 = CARTESIAN_POINT ( 'NONE',  ( 217.2860695149271900, -14.43722731103608200, -28.34809349589027900 ) ) ;
#1357 = PLANE ( 'NONE',  #774 ) ;
#1358 = ORIENTED_EDGE ( 'NONE', *, *, #2020, .T. ) ;
#1359 = CARTESIAN_POINT ( 'NONE',  ( 217.9914124157250500, -14.43722731103610700, -28.49809349588997900 ) ) ;
#1360 = LINE ( 'NONE', #1075, #482 ) ;
#1361 = B_SPLINE_CURVE_WITH_KNOTS ( 'NONE', 1,
 ( #1359, #148 ),
 .UNSPECIFIED., .F., .F.,
 ( 2, 2 ),
 ( 2.457510278549015000, 3.315685400714475600 ),
 .UNSPECIFIED. ) ;
#1362 = AXIS2_PLACEMENT_3D ( 'NONE', #1193, #1337, #569 ) ;
#1363 = CARTESIAN_POINT ( 'NONE',  ( 217.2808250040313000, -15.09423045256796700, -28.42309349589058300 ) ) ;
#1364 = CARTESIAN_POINT ( 'NONE',  ( 219.1544367489314000, -15.28401470795713200, -28.49809349588970200 ) ) ;
#1365 = VECTOR ( 'NONE', #1787, 1000.000000000000100 ) ;
#1366 = CARTESIAN_POINT ( 'NONE',  ( 218.8808250040306100, -14.43722731103629900, -26.20717620865815800 ) ) ;
#1367 = CARTESIAN_POINT ( 'NONE',  ( 217.0717789855594600, -14.80835045458929500, -28.49809349589094200 ) ) ;
#1368 = CARTESIAN_POINT ( 'NONE',  ( 218.8808250044179400, -14.43722731104497300, -1026.207176208658200 ) ) ;
#1369 = ORIENTED_EDGE ( 'NONE', *, *, #1380, .T. ) ;
#1370 = AXIS2_PLACEMENT_3D ( 'NONE', #1121, #179, #1588 ) ;
#1371 = CARTESIAN_POINT ( 'NONE',  ( 217.3717789855594200, -14.06610416748289400, -28.34809349589023200 ) ) ;
#1372 = FACE_BOUND ( 'NONE', #1011, .T. ) ;
#1373 = EDGE_LOOP ( 'NONE', ( #2011, #33, #353, #1614, #1570, #727 ) ) ;
#1374 = EDGE_LOOP ( 'NONE', ( #1751, #1124, #1678, #470 ) ) ;
#1375 = COLOUR_RGB ( '',0.0000000000000000000, 0.0000000000000000000, 0.0000000000000000000 ) ;
#1376 = ORIENTED_EDGE ( 'NONE', *, *, #1834, .F. ) ;
#1377 = ORIENTED_EDGE ( 'NONE', *, *, #1192, .F. ) ;
#1378 = CARTESIAN_POINT ( 'NONE',  ( 219.7702375923377600, -14.54569081883879600, -28.49809349588952800 ) ) ;
#1379 = LINE ( 'NONE', #201, #1308 ) ;
#1380 = EDGE_CURVE ( 'NONE', #117, #1082, #356, .T. ) ;
#1381 = VERTEX_POINT ( 'NONE', #1319 ) ;
#1382 = DIRECTION ( 'NONE',  ( 0.0000000000000000000, 0.0000000000000000000, 1.000000000000000000 ) ) ;
#1383 = B_SPLINE_CURVE_WITH_KNOTS ( 'NONE', 1,
 ( #975, #631 ),
 .UNSPECIFIED., .F., .F.,
 ( 2, 2 ),
 ( -0.4696702932731967600, -5.551115123125782700E-017 ),
 .UNSPECIFIED. ) ;
#1384 = DIRECTION ( 'NONE',  ( -1.000000000000000000, 0.0000000000000000000, -2.888742449314737600E-013 ) ) ;
#1385 = CARTESIAN_POINT ( 'NONE',  ( 217.2808250040317000, -13.03722731103599100, -27.54809349588948900 ) ) ;
#1386 = PLANE ( 'NONE',  #1732 ) ;
#1387 = EDGE_CURVE ( 'NONE', #1858, #892, #679, .T. ) ;
#1388 = DIRECTION ( 'NONE',  ( -2.886613904728192100E-013, 1.170248880304352000E-014, 1.000000000000000000 ) ) ;
#1389 = CARTESIAN_POINT ( 'NONE',  ( 220.8628637795151200, -15.53722731103662400, -28.39809349588912100 ) ) ;
#1390 = ORIENTED_EDGE ( 'NONE', *, *, #218, .T. ) ;
#1391 = DIRECTION ( 'NONE',  ( -1.000000000000000000, 0.0000000000000000000, -3.939837896994285400E-013 ) ) ;
#1392 = EDGE_CURVE ( 'NONE', #1469, #821, #1379, .T. ) ;
#1393 = AXIS2_PLACEMENT_3D ( 'NONE', #352, #1735, #987 ) ;
#1394 = ORIENTED_EDGE ( 'NONE', *, *, #5, .T. ) ;
#1395 = CARTESIAN_POINT ( 'NONE',  ( 220.4003600442947000, -14.06610416748335600, -28.34809349588918800 ) ) ;
#1396 = DIRECTION ( 'NONE',  ( -1.000000000000000000, 1.387778780783139300E-013, 0.0000000000000000000 ) ) ;
#1397 = VECTOR ( 'NONE', #1461, 1000.000000000000000 ) ;
#1398 = EDGE_LOOP ( 'NONE', ( #249, #260, #1795, #1905 ) ) ;
#1399 = AXIS2_PLACEMENT_3D ( 'NONE', #123, #1349, #271 ) ;
#1400 = ORIENTED_EDGE ( 'NONE', *, *, #1866, .T. ) ;
#1401 = DIRECTION ( 'NONE',  ( -2.081668171172139700E-013, -1.000000000000000000, -1.486905836551528300E-014 ) ) ;
#1402 = DIRECTION ( 'NONE',  ( 1.501335652909240500E-013, 1.000000000000000000, -9.462128050785446900E-015 ) ) ;
#1403 = ORIENTED_EDGE ( 'NONE', *, *, #296, .T. ) ;
#1404 = CARTESIAN_POINT ( 'NONE',  ( 220.4196390435808200, -15.83722731103667400, -29.29809349589005100 ) ) ;
#1405 = EDGE_CURVE ( 'NONE', #1724, #275, #1265, .T. ) ;
#1406 = B_SPLINE_CURVE_WITH_KNOTS ( 'NONE', 1,
 ( #1987, #1328 ),
 .UNSPECIFIED., .F., .F.,
 ( 2, 2 ),
 ( 2.457510278549051900, 3.315685400714475600 ),
 .UNSPECIFIED. ) ;
#1407 = DIRECTION ( 'NONE',  ( -0.06975647374419388600, 0.0000000000000000000, 0.9975640502598194200 ) ) ;
#1408 = B_SPLINE_CURVE_WITH_KNOTS ( 'NONE', 1,
 ( #1913, #1266 ),
 .UNSPECIFIED., .F., .F.,
 ( 2, 2 ),
 ( -0.6763675287319762500, 0.0000000000000000000 ),
 .UNSPECIFIED. ) ;
#1409 = AXIS2_PLACEMENT_3D ( 'NONE', #1317, #1472, #540 ) ;
#1410 = CARTESIAN_POINT ( 'NONE',  ( 217.9914124157248800, -14.43722731103613900, -28.49809349589002500 ) ) ;
#1411 = CARTESIAN_POINT ( 'NONE',  ( 216.6274371340784100, -13.33722731103601300, -29.24809349589017100 ) ) ;
#1412 = VECTOR ( 'NONE', #7, 1000.000000000000000 ) ;
#1413 = CARTESIAN_POINT ( 'NONE',  ( 221.4808250040317700, -13.33722731103668500, -29.29809349588879600 ) ) ;
#1414 = EDGE_CURVE ( 'NONE', #1134, #1720, #166, .T. ) ;
#1415 = DIRECTION ( 'NONE',  ( -2.092510192897072800E-013, -1.000000000000000000, 1.189524669240837400E-014 ) ) ;
#1416 = ORIENTED_EDGE ( 'NONE', *, *, #1854, .T. ) ;
#1417 = ORIENTED_EDGE ( 'NONE', *, *, #218, .F. ) ;
#1418 = CARTESIAN_POINT ( 'NONE',  ( 219.6638655484697700, -13.99869477785461700, -28.49809349588942500 ) ) ;
#1419 = CARTESIAN_POINT ( 'NONE',  ( 216.8987862285473500, -15.53722731103606600, -28.39809349589061300 ) ) ;
#1420 = ORIENTED_EDGE ( 'NONE', *, *, #1879, .F. ) ;
#1421 = LINE ( 'NONE', #649, #1770 ) ;
#1422 = CARTESIAN_POINT ( 'NONE',  ( 220.6692221363253500, -15.53722731103662900, -28.34809349588909200 ) ) ;
#1423 = ORIENTED_EDGE ( 'NONE', *, *, #1676, .T. ) ;
#1424 = ORIENTED_EDGE ( 'NONE', *, *, #841, .T. ) ;
#1425 = CARTESIAN_POINT ( 'NONE',  ( 218.1200261588731200, -14.89892531494719200, -28.49809349588998600 ) ) ;
#1426 = ORIENTED_EDGE ( 'NONE', *, *, #106, .T. ) ;
#1427 = LINE ( 'NONE', #18, #436 ) ;
#1428 = VERTEX_POINT ( 'NONE', #376 ) ;
#1429 = CARTESIAN_POINT ( 'NONE',  ( 218.4422924708453600, -15.22026785547210200, -28.49809349588990400 ) ) ;
#1430 = CARTESIAN_POINT ( 'NONE',  ( 217.3280060177904700, -13.03722731103599700, -27.74837356446436200 ) ) ;
#1431 = EDGE_CURVE ( 'NONE', #184, #402, #2002, .T. ) ;
#1432 = DIRECTION ( 'NONE',  ( 3.214869249023030900E-013, -5.580904294267322200E-015, -1.000000000000000000 ) ) ;
#1433 = CARTESIAN_POINT ( 'NONE',  ( 216.7995311651135600, -13.33722731103602800, -29.40786507039188500 ) ) ;
#1434 = ORIENTED_EDGE ( 'NONE', *, *, #1786, .F. ) ;
#1435 = CARTESIAN_POINT ( 'NONE',  ( 220.0808250040313400, -14.43722731103656700, -29.29809349588936100 ) ) ;
#1436 = EDGE_CURVE ( 'NONE', #611, #741, #65, .T. ) ;
#1437 = ORIENTED_EDGE ( 'NONE', *, *, #1960, .F. ) ;
#1438 = CARTESIAN_POINT ( 'NONE',  ( 217.2808250040313000, -15.09423045256796700, -28.42309349589058300 ) ) ;
#1439 = B_SPLINE_CURVE_WITH_KNOTS ( 'NONE', 1,
 ( #1046, #136 ),
 .UNSPECIFIED., .F., .F.,
 ( 2, 2 ),
 ( -0.3466121300465943000, 3.410605131648480900E-013 ),
 .UNSPECIFIED. ) ;
#1440 = VECTOR ( 'NONE', #1384, 1000.000000000000000 ) ;
#1441 = EDGE_LOOP ( 'NONE', ( #1534, #1321, #1230, #658, #915, #1810, #1157, #1403, #355, #772 ) ) ;
#1442 = FACE_OUTER_BOUND ( 'NONE', #299, .T. ) ;
#1444 = PRESENTATION_LAYER_ASSIGNMENT (  '', '', ( #996 ) ) ;
#1443 = CARTESIAN_POINT ( 'NONE',  ( 218.8808250040306100, -14.43722731103629900, -26.20717620865816100 ) ) ;
#1445 = ORIENTED_EDGE ( 'NONE', *, *, #78, .F. ) ;
#1446 = DIRECTION ( 'NONE',  ( 1.000000000000000000, 0.0000000000000000000, 3.941705497102743800E-013 ) ) ;
#1447 = ORIENTED_EDGE ( 'NONE', *, *, #1843, .T. ) ;
#1448 = ADVANCED_FACE ( 'NONE', ( #1656 ), #1961, .T. ) ;
#1449 = CARTESIAN_POINT ( 'NONE',  ( 218.8808250040316100, -15.83722731103666000, -29.29809349588973100 ) ) ;
#1450 = ADVANCED_FACE ( 'NONE', ( #1236 ), #1814, .T. ) ;
#1451 = EDGE_CURVE ( 'NONE', #1045, #790, #554, .T. ) ;
#1452 = CARTESIAN_POINT ( 'NONE',  ( 218.0977844595949200, -14.87575984423074600, -28.49809349589001100 ) ) ;
#1453 = CARTESIAN_POINT ( 'NONE',  ( 216.2808250040316700, -13.33722731103596900, -29.29809349589063000 ) ) ;
#1454 = CARTESIAN_POINT ( 'NONE',  ( 217.5780596282394000, -15.83722731103609100, -29.09809349589011900 ) ) ;
#1455 = LINE ( 'NONE', #626, #396 ) ;
#1456 = AXIS2_PLACEMENT_3D ( 'NONE', #1495, #1489, #558 ) ;
#1457 = CARTESIAN_POINT ( 'NONE',  ( 218.4980036091996900, -15.24059635484346000, -28.49809349588986200 ) ) ;
#1458 =( GEOMETRIC_REPRESENTATION_CONTEXT ( 3 ) GLOBAL_UNCERTAINTY_ASSIGNED_CONTEXT ( ( #298 ) ) GLOBAL_UNIT_ASSIGNED_CONTEXT ( ( #399, #240, #1669 ) ) REPRESENTATION_CONTEXT ( 'NONE', 'WORKASPACE' ) );
#1459 = CARTESIAN_POINT ( 'NONE',  ( 220.7003600442945400, -14.43722731103660800, -28.34809349588908800 ) ) ;
#1460 = VERTEX_POINT ( 'NONE', #1340 ) ;
#1461 = DIRECTION ( 'NONE',  ( 0.0000000000000000000, -1.189524669240837400E-014, -1.000000000000000000 ) ) ;
#1462 = CARTESIAN_POINT ( 'NONE',  ( 220.9118996473239300, -15.53722731103663600, -28.38832192138739800 ) ) ;
#1463 = LINE ( 'NONE', #290, #1853 ) ;
#1464 = DIRECTION ( 'NONE',  ( -1.000000000000000000, 1.387778780780057800E-013, 0.0000000000000000000 ) ) ;
#1465 = VERTEX_POINT ( 'NONE', #544 ) ;
#1466 = B_SPLINE_CURVE_WITH_KNOTS ( 'NONE', 1,
 ( #487, #1586 ),
 .UNSPECIFIED., .F., .F.,
 ( 2, 2 ),
 ( -5.554497023294151000E-014, 0.8866399106002128500 ),
 .UNSPECIFIED. ) ;
#1467 = FACE_OUTER_BOUND ( 'NONE', #280, .T. ) ;
#1468 = CARTESIAN_POINT ( 'NONE',  ( 219.4175147255437500, -13.72552196926347000, -28.49809349588952400 ) ) ;
#1469 = VERTEX_POINT ( 'NONE', #1820 ) ;
#1470 = CARTESIAN_POINT ( 'NONE',  ( 218.1691196622544200, -13.90053758953159000, -28.49809349588998900 ) ) ;
#1471 = ORIENTED_EDGE ( 'NONE', *, *, #1854, .F. ) ;
#1472 = DIRECTION ( 'NONE',  ( 0.9807173561751434400, -1.289683697976399400E-013, 0.1954314900338144600 ) ) ;
#1473 = CARTESIAN_POINT ( 'NONE',  ( 218.4191270001272800, -13.67642846587353700, -28.49809349588990800 ) ) ;
#1474 = EDGE_LOOP ( 'NONE', ( #255, #1173, #388, #1688 ) ) ;
#1476 = AXIS2_PLACEMENT_3D ( 'NONE', #1117, #1277, #811 ) ;
#1475 =( NAMED_UNIT ( * ) SI_UNIT ( $, .STERADIAN. ) SOLID_ANGLE_UNIT ( ) );
#1477 = LINE ( 'NONE', #529, #646 ) ;
#1478 = CARTESIAN_POINT ( 'NONE',  ( 219.7652881205086700, -14.32871160205419300, -28.49809349588953100 ) ) ;
#1479 = ORIENTED_EDGE ( 'NONE', *, *, #1494, .F. ) ;
#1480 = CARTESIAN_POINT ( 'NONE',  ( 218.0774559602253900, -14.05440591620277300, -28.49809349589001800 ) ) ;
#1481 = PLANE ( 'NONE',  #1799 ) ;
#1482 = APPLICATION_CONTEXT ( 'automotive_design' ) ;
#1483 = EDGE_CURVE ( 'NONE', #1155, #1217, #361, .T. ) ;
#1484 = CARTESIAN_POINT ( 'NONE',  ( 219.7702375923377900, -14.43722731103651400, -28.49809349588952800 ) ) ;
#1485 = CARTESIAN_POINT ( 'NONE',  ( 219.3167487904364100, -13.66136862569097200, -28.49809349588957400 ) ) ;
#1486 = CARTESIAN_POINT ( 'NONE',  ( 218.2087293887282400, -13.85145020328375600, -28.49809349588997900 ) ) ;
#1487 = ADVANCED_FACE ( 'NONE', ( #1752 ), #419, .T. ) ;
#1488 = CARTESIAN_POINT ( 'NONE',  ( 220.4196390435813800, -13.03722731103664900, -29.29809349588929000 ) ) ;
#1489 = DIRECTION ( 'NONE',  ( -0.0000000000000000000, -1.000000000000000000, 0.0000000000000000000 ) ) ;
#1490 = CARTESIAN_POINT ( 'NONE',  ( 219.7276124009502800, -14.16361556613335000, -28.49809349588954200 ) ) ;
#1491 = ORIENTED_EDGE ( 'NONE', *, *, #1024, .T. ) ;
#1492 = CARTESIAN_POINT ( 'NONE',  ( 218.0340376071114600, -14.16361556613340900, -28.49809349589005300 ) ) ;
#1493 = ORIENTED_EDGE ( 'NONE', *, *, #375, .T. ) ;
#1494 = EDGE_CURVE ( 'NONE', #1527, #86, #1780, .T. ) ;
#1495 = CARTESIAN_POINT ( 'NONE',  ( 220.7398056162891700, -13.33722731103662100, -28.54809349588969900 ) ) ;
#1496 = ORIENTED_EDGE ( 'NONE', *, *, #296, .F. ) ;
#1497 = ADVANCED_FACE ( 'NONE', ( #751 ), #697, .F. ) ;
#1498 = CARTESIAN_POINT ( 'NONE',  ( 219.6841940478388400, -14.05440591620340400, -28.49809349588954900 ) ) ;
#1499 = VECTOR ( 'NONE', #668, 1000.000000000000000 ) ;
#1500 = ORIENTED_EDGE ( 'NONE', *, *, #1185, .T. ) ;
#1501 = EDGE_LOOP ( 'NONE', ( #1807, #11, #852, #696 ) ) ;
#1502 = VERTEX_POINT ( 'NONE', #215 ) ;
#1503 = VERTEX_POINT ( 'NONE', #1800 ) ;
#1504 = ORIENTED_EDGE ( 'NONE', *, *, #272, .T. ) ;
#1505 = EDGE_CURVE ( 'NONE', #1428, #611, #904, .T. ) ;
#1506 = CARTESIAN_POINT ( 'NONE',  ( 220.0808250040317900, -13.23722731103649000, -29.29809349589004000 ) ) ;
#1507 = CARTESIAN_POINT ( 'NONE',  ( 219.7799978150611900, -15.83722731103649100, -27.74837356446358400 ) ) ;
#1508 = CARTESIAN_POINT ( 'NONE',  ( 220.4808250040313700, -13.33722756103658300, -28.42309349588903800 ) ) ;
#1509 =( BOUNDED_SURFACE ( )  B_SPLINE_SURFACE ( 2, 1, ( 
 ( #1137, #1162 ),
 ( #995, #198 ),
 ( #1443, #1601 ),
 ( #691, #58 ),
 ( #670, #1148 ),
 ( #855, #216 ),
 ( #1318, #1026 ),
 ( #418, #1638 ),
 ( #1194, #1019 ) ),
 .UNSPECIFIED., .T., .F., .F. ) 
 B_SPLINE_SURFACE_WITH_KNOTS ( ( 3, 2, 2, 2, 3 ),
 ( 2, 2 ),
 ( -3.141592653589793100, -1.570796326794897000, 0.0000000000000000000, 1.570796326794897000, 3.141592653589793100 ),
 ( 0.0000000000000000000, 3.315685400714475600 ),
 .UNSPECIFIED. ) 
 GEOMETRIC_REPRESENTATION_ITEM ( )  RATIONAL_B_SPLINE_SURFACE ( (
 ( 1.000000000000000000, 1.000000000000000000),
 ( 0.7071067811865474600, 0.7071067811865474600),
 ( 1.000000000000000000, 1.000000000000000000),
 ( 0.7071067811865474600, 0.7071067811865474600),
 ( 1.000000000000000000, 1.000000000000000000),
 ( 0.7071067811865474600, 0.7071067811865474600),
 ( 1.000000000000000000, 1.000000000000000000),
 ( 0.7071067811865474600, 0.7071067811865474600),
 ( 1.000000000000000000, 1.000000000000000000) ) ) 
 REPRESENTATION_ITEM ( '' )  SURFACE ( )  );
#1510 = EDGE_CURVE ( 'NONE', #1125, #1082, #333, .T. ) ;
#1511 = LINE ( 'NONE', #70, #859 ) ;
#1512 = CARTESIAN_POINT ( 'NONE',  ( 219.7517152984444800, -14.65347091458888500, -28.49809349588953500 ) ) ;
#1513 = CARTESIAN_POINT ( 'NONE',  ( 218.8808250040306100, -14.43722731103629900, -26.20717620865816100 ) ) ;
#1514 = CARTESIAN_POINT ( 'NONE',  ( 217.0717789855593500, -14.80835045458929500, -28.34809349589036000 ) ) ;
#1515 = VERTEX_POINT ( 'NONE', #397 ) ;
#1516 = FACE_OUTER_BOUND ( 'NONE', #91, .T. ) ;
#1517 = ORIENTED_EDGE ( 'NONE', *, *, #1510, .F. ) ;
#1518 = CIRCLE ( 'NONE', #846, 0.2999999999999392000 ) ;
#1519 = VERTEX_POINT ( 'NONE', #848 ) ;
#1520 = CARTESIAN_POINT ( 'NONE',  ( 217.6808250040315300, -14.43722731103607900, -29.29809349589072200 ) ) ;
#1521 = EDGE_CURVE ( 'NONE', #593, #1544, #1477, .T. ) ;
#1522 = CARTESIAN_POINT ( 'NONE',  ( 218.6923225143855500, -13.56761261004638900, -28.49809349588983000 ) ) ;
#1523 = EDGE_LOOP ( 'NONE', ( #347, #550, #1973, #1358 ) ) ;
#1524 = ORIENTED_EDGE ( 'NONE', *, *, #1870, .T. ) ;
#1525 = LINE ( 'NONE', #445, #413 ) ;
#1526 = DIRECTION ( 'NONE',  ( 2.180795226942286600E-013, 1.000000000000000000, 0.0000000000000000000 ) ) ;
#1527 = VERTEX_POINT ( 'NONE', #243 ) ;
#1528 = CARTESIAN_POINT ( 'NONE',  ( 218.8808250040314900, -13.54781472272981100, -28.49809349588978000 ) ) ;
#1529 = B_SPLINE_CURVE_WITH_KNOTS ( 'NONE', 3,
 ( #236, #1635, #248, #1030, #1968, #1486, #1470, #76, #1006, #1480, #556, #389, #1492, #1322, #1658, #866, #103, #718 ),
 .UNSPECIFIED., .F., .F.,
 ( 4, 2, 2, 2, 2, 2, 2, 2, 4 ),
 ( 0.0000000000000000000, 0.2500000000000446300, 0.5000000000000892600, 0.6250000000000927000, 0.6875000000000784900, 0.7500000000000643900, 0.8125000000000501800, 0.8750000000000360800, 1.000000000000000000 ),
 .UNSPECIFIED. ) ;
#1530 = EDGE_CURVE ( 'NONE', #1985, #1806, #199, .T. ) ;
#1531 = VECTOR ( 'NONE', #177, 1000.000000000000000 ) ;
#1532 = CARTESIAN_POINT ( 'NONE',  ( 216.8987862285472900, -14.43722731103608200, -28.34809349589043100 ) ) ;
#1533 = AXIS2_PLACEMENT_3D ( 'NONE', #1507, #1817, #1802 ) ;
#1534 = ORIENTED_EDGE ( 'NONE', *, *, #1436, .F. ) ;
#1535 = CARTESIAN_POINT ( 'NONE',  ( 216.7504950473045800, -15.53722731103603400, -29.44809349589018800 ) ) ;
#1536 = CARTESIAN_POINT ( 'NONE',  ( 219.6566836893725300, -14.87315109744698600, -28.49809349588942500 ) ) ;
#1537 = ORIENTED_EDGE ( 'NONE', *, *, #344, .F. ) ;
#1538 = VECTOR ( 'NONE', #194, 1000.000000000000000 ) ;
#1539 = ORIENTED_EDGE ( 'NONE', *, *, #1228, .T. ) ;
#1540 = LINE ( 'NONE', #1268, #1619 ) ;
#1541 = CARTESIAN_POINT ( 'NONE',  ( 218.9353939698636700, -15.32663989934283300, -28.49809349588974800 ) ) ;
#1542 = ORIENTED_EDGE ( 'NONE', *, *, #1169, .T. ) ;
#1543 = VERTEX_POINT ( 'NONE', #391 ) ;
#1544 = VERTEX_POINT ( 'NONE', #704 ) ;
#1545 = EDGE_CURVE ( 'NONE', #1875, #799, #837, .T. ) ;
#1546 = CARTESIAN_POINT ( 'NONE',  ( 220.4860695149269500, -13.77860852769722500, -28.34809349588914200 ) ) ;
#1547 = ORIENTED_EDGE ( 'NONE', *, *, #1436, .T. ) ;
#1548 = CARTESIAN_POINT ( 'NONE',  ( 220.4808250040313700, -13.33722756103658300, -28.42309349588903800 ) ) ;
#1549 = AXIS2_PLACEMENT_3D ( 'NONE', #362, #515, #1144 ) ;
#1550 = CARTESIAN_POINT ( 'NONE',  ( 220.9621187940921100, -15.53722731103665700, -29.40786482521122400 ) ) ;
#1551 = CARTESIAN_POINT ( 'NONE',  ( 220.7398056162891700, -15.53722731103661500, -28.54809349588969900 ) ) ;
#1552 = DIRECTION ( 'NONE',  ( 2.441414442618814000E-013, 1.000000000000000000, 2.408871012424949600E-014 ) ) ;
#1553 = AXIS2_PLACEMENT_3D ( 'NONE', #1733, #1415, #1885 ) ;
#1554 = LINE ( 'NONE', #34, #1531 ) ;
#1555 = EDGE_CURVE ( 'NONE', #1642, #1830, #654, .T. ) ;
#1556 = CARTESIAN_POINT ( 'NONE',  ( 218.7723614962181100, -15.32663989934283900, -28.49809349588981200 ) ) ;
#1557 = CARTESIAN_POINT ( 'NONE',  ( 217.9914124157248800, -14.43722731103613900, -28.49809349589002500 ) ) ;
#1558 = CARTESIAN_POINT ( 'NONE',  ( 216.2808250040315800, -15.53722731103599000, -29.44809349589032600 ) ) ;
#1559 = ORIENTED_EDGE ( 'NONE', *, *, #1997, .F. ) ;
#1560 = CARTESIAN_POINT ( 'NONE',  ( 220.4003600442947000, -14.06610416748335600, -28.34809349588914900 ) ) ;
#1561 = EDGE_CURVE ( 'NONE', #865, #2028, #1062, .T. ) ;
#1562 = LINE ( 'NONE', #264, #2009 ) ;
#1563 = AXIS2_PLACEMENT_3D ( 'NONE', #889, #261, #570 ) ;
#1564 = EDGE_LOOP ( 'NONE', ( #1350, #146, #1765, #1400 ) ) ;
#1565 = FILL_AREA_STYLE ('',( #1892 ) ) ;
#1566 = PLANE ( 'NONE',  #948 ) ;
#1567 = FACE_OUTER_BOUND ( 'NONE', #1523, .T. ) ;
#1568 = EDGE_LOOP ( 'NONE', ( #1299, #768, #1998, #334 ) ) ;
#1569 = AXIS2_PLACEMENT_3D ( 'NONE', #1908, #489, #641 ) ;
#1570 = ORIENTED_EDGE ( 'NONE', *, *, #966, .T. ) ;
#1571 = CARTESIAN_POINT ( 'NONE',  ( 217.0717789855594300, -14.06610416748289300, -28.34809349589034300 ) ) ;
#1572 = PLANE ( 'NONE',  #720 ) ;
#1573 = VECTOR ( 'NONE', #707, 1000.000000000000000 ) ;
#1574 = ORIENTED_EDGE ( 'NONE', *, *, #1215, .F. ) ;
#1575 = CARTESIAN_POINT ( 'NONE',  ( 218.0432893081313600, -14.73796159926336800, -28.49809349589001100 ) ) ;
#1576 = DIRECTION ( 'NONE',  ( 0.06975647374410566500, -0.0000000000000000000, -0.9975640502598256400 ) ) ;
#1577 = CARTESIAN_POINT ( 'NONE',  ( 220.4196390435813300, -13.03722731103649000, -29.29809349588975600 ) ) ;
#1578 = AXIS2_PLACEMENT_3D ( 'NONE', #971, #827, #358 ) ;
#1579 = CARTESIAN_POINT ( 'NONE',  ( 217.9914124157249700, -15.32663989934278300, -28.49809349589005000 ) ) ;
#1580 = VECTOR ( 'NONE', #1958, 1000.000000000000000 ) ;
#1581 = CARTESIAN_POINT ( 'NONE',  ( 216.6274371340784100, -15.53722731103601400, -29.29809349589050500 ) ) ;
#1582 = EDGE_CURVE ( 'NONE', #1617, #1745, #1210, .T. ) ;
#1583 = DIRECTION ( 'NONE',  ( -1.000000000000000000, 2.428612866370493500E-013, 0.0000000000000000000 ) ) ;
#1584 = ORIENTED_EDGE ( 'NONE', *, *, #1278, .F. ) ;
#1585 = VERTEX_POINT ( 'NONE', #534 ) ;
#1586 = CARTESIAN_POINT ( 'NONE',  ( 220.9118996473243300, -13.33722731103662800, -28.38832192138736900 ) ) ;
#1587 = CYLINDRICAL_SURFACE ( 'NONE', #1399, 0.2999999999999947200 ) ;
#1588 = DIRECTION ( 'NONE',  ( 1.000000000000000000, -1.363281799769252400E-013, 0.0000000000000000000 ) ) ;
#1589 = ORIENTED_EDGE ( 'NONE', *, *, #735, .F. ) ;
#1590 = LINE ( 'NONE', #608, #1131 ) ;
#1591 = ORIENTED_EDGE ( 'NONE', *, *, #443, .T. ) ;
#1592 = PLANE ( 'NONE',  #825 ) ;
#1593 = B_SPLINE_CURVE_WITH_KNOTS ( 'NONE', 1,
 ( #517, #976 ),
 .UNSPECIFIED., .F., .F.,
 ( 2, 2 ),
 ( 0.0000000000000000000, 0.8866399106000010200 ),
 .UNSPECIFIED. ) ;
#1594 = ORIENTED_EDGE ( 'NONE', *, *, #1937, .F. ) ;
#1595 = LINE ( 'NONE', #1422, #1729 ) ;
#1596 = ORIENTED_EDGE ( 'NONE', *, *, #1327, .T. ) ;
#1597 = CARTESIAN_POINT ( 'NONE',  ( 217.8280936543858100, -15.83722731103610900, -29.29809349589028100 ) ) ;
#1598 = EDGE_CURVE ( 'NONE', #1718, #717, #687, .T. ) ;
#1599 = DIRECTION ( 'NONE',  ( 0.06975647374415404300, -2.563700410038100600E-014, -0.9975640502598222000 ) ) ;
#1600 = CARTESIAN_POINT ( 'NONE',  ( 217.0717789855593500, -14.80835045458924500, -28.42309349589060100 ) ) ;
#1601 = CARTESIAN_POINT ( 'NONE',  ( 218.8808250040313200, -15.63722731103639800, -29.29809349589036000 ) ) ;
#1602 = EDGE_CURVE ( 'NONE', #1585, #381, #830, .T. ) ;
#1603 = CARTESIAN_POINT ( 'NONE',  ( 220.0808250040309700, -15.63722731103639100, -29.29809349588939300 ) ) ;
#1604 = AXIS2_PLACEMENT_3D ( 'NONE', #2033, #1883, #315 ) ;
#1605 = ADVANCED_FACE ( 'NONE', ( #320 ), #1957, .T. ) ;
#1606 = PRESENTATION_STYLE_ASSIGNMENT (( #114 ) ) ;
#1607 = CARTESIAN_POINT ( 'NONE',  ( 216.2808250040318700, -13.33722731103597200, -29.44809349589033300 ) ) ;
#1608 = LINE ( 'NONE', #1274, #270 ) ;
#1609 = ADVANCED_FACE ( 'NONE', ( #757 ), #222, .T. ) ;
#1610 = AXIS2_PLACEMENT_3D ( 'NONE', #1395, #287, #1862 ) ;
#1611 = DIRECTION ( 'NONE',  ( -1.000000000000000000, 0.0000000000000000000, -3.201565975584554800E-013 ) ) ;
#1612 = CARTESIAN_POINT ( 'NONE',  ( 217.2860695149273300, -15.53722731103612800, -28.49809349589085300 ) ) ;
#1613 = EDGE_CURVE ( 'NONE', #566, #1697, #734, .T. ) ;
#1614 = ORIENTED_EDGE ( 'NONE', *, *, #1380, .F. ) ;
#1615 = CARTESIAN_POINT ( 'NONE',  ( 218.8808250040312400, -15.32663989934278300, -28.49809349588970900 ) ) ;
#1616 = ADVANCED_FACE ( 'NONE', ( #1789 ), #228, .T. ) ;
#1617 = VERTEX_POINT ( 'NONE', #1165 ) ;
#1618 = DIRECTION ( 'NONE',  ( -1.513940488125195200E-013, -1.000000000000000000, 7.885106708985393000E-015 ) ) ;
#1619 = VECTOR ( 'NONE', #1576, 1000.000000000000100 ) ;
#1621 = AXIS2_PLACEMENT_3D ( 'NONE', #1133, #528, #999 ) ;
#1620 = CARTESIAN_POINT ( 'NONE',  ( 217.2825682233182400, -13.77966955660416400, -28.44802269312198500 ) ) ;
#1622 = ORIENTED_EDGE ( 'NONE', *, *, #1582, .T. ) ;
#1623 = ADVANCED_FACE ( 'NONE', ( #1639 ), #1636, .T. ) ;
#1624 = PLANE ( 'NONE',  #98 ) ;
#1625 = EDGE_LOOP ( 'NONE', ( #118, #345, #810, #667, #21, #492, #178, #936, #669, #965, #555, #1584, #788 ) ) ;
#1626 = B_SPLINE_CURVE_WITH_KNOTS ( 'NONE', 3,
 ( #1067, #440, #133, #634, #464, #325, #1872, #306, #1536, #476, #1886, #458, #1232, #938, #314, #1727, #629, #1709 ),
 .UNSPECIFIED., .F., .F.,
 ( 4, 2, 2, 2, 2, 2, 2, 2, 4 ),
 ( 0.0000000000000000000, 0.2499999999999802900, 0.4999999999999605900, 0.6249999999999494800, 0.6874999999999598100, 0.7499999999999701400, 0.8124999999999805700, 0.8749999999999910100, 1.000000000000000000 ),
 .UNSPECIFIED. ) ;
#1627 = ORIENTED_EDGE ( 'NONE', *, *, #735, .T. ) ;
#1628 = CARTESIAN_POINT ( 'NONE',  ( 217.2808250040311000, -15.83722731103601200, -28.42309349589001500 ) ) ;
#1629 = ORIENTED_EDGE ( 'NONE', *, *, #12, .T. ) ;
#1630 = DIRECTION ( 'NONE',  ( 1.000000000000000000, 0.0000000000000000000, 3.078545103525076400E-013 ) ) ;
#1631 = CARTESIAN_POINT ( 'NONE',  ( 216.2808250040316700, -13.33722731103596900, -29.29809349589063000 ) ) ;
#1632 = DIRECTION ( 'NONE',  ( -1.000000000000000000, 1.734723475976998200E-013, 0.0000000000000000000 ) ) ;
#1633 = EDGE_CURVE ( 'NONE', #1125, #377, #1893, .T. ) ;
#1634 = DIRECTION ( 'NONE',  ( -1.053551985694227600E-013, -1.000000000000000000, 0.0000000000000000000 ) ) ;
#1635 = CARTESIAN_POINT ( 'NONE',  ( 218.7723614962179400, -13.54781472272985900, -28.49809349588977300 ) ) ;
#1636 = PLANE ( 'NONE',  #213 ) ;
#1637 = CARTESIAN_POINT ( 'NONE',  ( 218.1656502021415100, -13.89468952425178800, -28.49809349588997200 ) ) ;
#1638 = CARTESIAN_POINT ( 'NONE',  ( 217.6808250040317000, -13.23722731103599900, -29.29809349589072600 ) ) ;
#1639 = FACE_OUTER_BOUND ( 'NONE', #446, .T. ) ;
#1640 = DIRECTION ( 'NONE',  ( 0.9975640502599234500, -1.638948768457130200E-015, -0.06975647374270681200 ) ) ;
#1641 = EDGE_CURVE ( 'NONE', #1698, #301, #1608, .T. ) ;
#1642 = VERTEX_POINT ( 'NONE', #842 ) ;
#1643 = FILL_AREA_STYLE_COLOUR ( '', #1097 ) ;
#1644 = CARTESIAN_POINT ( 'NONE',  ( 220.6692221363253500, -13.33722731103658900, -28.34809349588911300 ) ) ;
#1645 = ORIENTED_EDGE ( 'NONE', *, *, #1929, .F. ) ;
#1646 = VECTOR ( 'NONE', #925, 1000.000000000000000 ) ;
#1647 = ORIENTED_EDGE ( 'NONE', *, *, #1104, .F. ) ;
#1648 = CARTESIAN_POINT ( 'NONE',  ( 216.6274371340780900, -15.53722731103603900, -29.24809349589041600 ) ) ;
#1649 = LINE ( 'NONE', #742, #2025 ) ;
#1650 = ORIENTED_EDGE ( 'NONE', *, *, #232, .T. ) ;
#1651 = EDGE_CURVE ( 'NONE', #285, #1515, #4, .T. ) ;
#1652 = CARTESIAN_POINT ( 'NONE',  ( 219.7799978150616800, -13.03722731103650800, -27.74837356446358800 ) ) ;
#1653 = VERTEX_POINT ( 'NONE', #465 ) ;
#1654 = EDGE_LOOP ( 'NONE', ( #1434, #1330, #2024, #237 ) ) ;
#1655 = AXIS2_PLACEMENT_3D ( 'NONE', #1812, #542, #1978 ) ;
#1656 = FACE_OUTER_BOUND ( 'NONE', #411, .T. ) ;
#1657 = ORIENTED_EDGE ( 'NONE', *, *, #1613, .T. ) ;
#1658 = CARTESIAN_POINT ( 'NONE',  ( 218.0112103030415700, -14.24872482139024900, -28.49809349589005000 ) ) ;
#1659 = ADVANCED_FACE ( 'NONE', ( #47 ), #153, .T. ) ;
#1660 = PLANE ( 'NONE',  #1257 ) ;
#1661 = DIRECTION ( 'NONE',  ( 0.3619161213976174700, -8.041316670413999800E-015, -0.9322106634621302200 ) ) ;
#1662 = EDGE_CURVE ( 'NONE', #1962, #184, #1361, .T. ) ;
#1663 = CARTESIAN_POINT ( 'NONE',  ( 218.9893407130045400, -13.55276419455902100, -28.49809349588968400 ) ) ;
#1664 = CARTESIAN_POINT ( 'NONE',  ( 220.4755804931352800, -14.43722731103661000, -28.34809349588917000 ) ) ;
#1665 =( BOUNDED_CURVE ( )  B_SPLINE_CURVE ( 3, ( #1760, #48, #1620, #824 ),
 .UNSPECIFIED., .F., .F. ) 
 B_SPLINE_CURVE_WITH_KNOTS ( ( 4, 4 ),
 ( 1.860531279838016200, 1.878824217363424600 ),
 .UNSPECIFIED. ) 
 CURVE ( )  GEOMETRIC_REPRESENTATION_ITEM ( )  RATIONAL_B_SPLINE_CURVE ( ( 1.000000000000000000, 0.9999721142307971300, 0.9999721142307971300, 1.000000000000000000 ) ) 
 REPRESENTATION_ITEM ( '' )  );
#1666 = LINE ( 'NONE', #1792, #954 ) ;
#1667 = CARTESIAN_POINT ( 'NONE',  ( 216.7504950473045800, -15.53722731103603400, -29.44809349589018800 ) ) ;
#1668 = CARTESIAN_POINT ( 'NONE',  ( 218.0977844595898000, -13.99869477785456900, -28.49809349588998900 ) ) ;
#1669 =( NAMED_UNIT ( * ) SI_UNIT ( $, .STERADIAN. ) SOLID_ANGLE_UNIT ( ) );
#1670 = DIRECTION ( 'NONE',  ( 3.939837896994162700E-013, -6.147454516670095000E-026, -1.000000000000000000 ) ) ;
#1671 = DIRECTION ( 'NONE',  ( -1.000000000000000000, 0.0000000000000000000, -3.201565975584554800E-013 ) ) ;
#1672 = STYLED_ITEM ( 'NONE', ( #1127 ), #785 ) ;
#1673 = ORIENTED_EDGE ( 'NONE', *, *, #1405, .T. ) ;
#1674 = CARTESIAN_POINT ( 'NONE',  ( 217.2860695149273300, -14.43722731103610400, -28.49809349589086300 ) ) ;
#1675 = SURFACE_STYLE_FILL_AREA ( #1972 ) ;
#1676 = EDGE_CURVE ( 'NONE', #431, #1283, #2015, .T. ) ;
#1677 = DIRECTION ( 'NONE',  ( 0.0000000000000000000, 1.000000000000000000, -6.195440985630628200E-015 ) ) ;
#1678 = ORIENTED_EDGE ( 'NONE', *, *, #1641, .T. ) ;
#1679 = VECTOR ( 'NONE', #1734, 1000.000000000000000 ) ;
#1680 = ORIENTED_EDGE ( 'NONE', *, *, #272, .F. ) ;
#1681 = ORIENTED_EDGE ( 'NONE', *, *, #132, .T. ) ;
#1682 = CARTESIAN_POINT ( 'NONE',  ( 219.7702375923377900, -14.43722731103651400, -28.49809349588952800 ) ) ;
#1683 = VERTEX_POINT ( 'NONE', #782 ) ;
#1684 = CIRCLE ( 'NONE', #856, 0.3000000000001057400 ) ;
#1685 = EDGE_CURVE ( 'NONE', #566, #1544, #678, .T. ) ;
#1686 = DIRECTION ( 'NONE',  ( 1.000000000000000000, -0.0000000000000000000, 4.201807198994869100E-013 ) ) ;
#1687 = CARTESIAN_POINT ( 'NONE',  ( 217.9914124157248800, -15.32663989934283500, -28.49809349589002100 ) ) ;
#1688 = ORIENTED_EDGE ( 'NONE', *, *, #572, .T. ) ;
#1689 = DIRECTION ( 'NONE',  ( -1.000000000000000000, 0.0000000000000000000, -3.877716519631454800E-013 ) ) ;
#1690 = CARTESIAN_POINT ( 'NONE',  ( 221.0851769573185400, -13.33722731103664200, -29.25786482521124700 ) ) ;
#1691 = DIRECTION ( 'NONE',  ( -0.9975640502597136200, 1.767461745108690700E-013, 0.06975647374570816100 ) ) ;
#1692 = LINE ( 'NONE', #1449, #1272 ) ;
#1693 = DIRECTION ( 'NONE',  ( -1.000000000000000000, 2.428612866361056500E-013, 0.0000000000000000000 ) ) ;
#1694 = B_SPLINE_CURVE_WITH_KNOTS ( 'NONE', 1,
 ( #109, #729 ),
 .UNSPECIFIED., .F., .F.,
 ( 2, 2 ),
 ( -2.799999999999993200, 4.707345624410663700E-014 ),
 .UNSPECIFIED. ) ;
#1695 = CARTESIAN_POINT ( 'NONE',  ( 217.2843164423671600, -13.77913091098107900, -28.37316360149536400 ) ) ;
#1696 = CARTESIAN_POINT ( 'NONE',  ( 219.7702375923376500, -14.43722731103653200, -28.49809349588946400 ) ) ;
#1697 = VERTEX_POINT ( 'NONE', #928 ) ;
#1698 = VERTEX_POINT ( 'NONE', #1203 ) ;
#1699 = CARTESIAN_POINT ( 'NONE',  ( 220.4808249865919300, -15.53722731103657200, -28.42309324649809100 ) ) ;
#1700 = VERTEX_POINT ( 'NONE', #923 ) ;
#1701 = ORIENTED_EDGE ( 'NONE', *, *, #1149, .T. ) ;
#1702 = EDGE_CURVE ( 'NONE', #377, #1082, #1455, .T. ) ;
#1703 = CARTESIAN_POINT ( 'NONE',  ( 220.4755804931352800, -15.53722731103660600, -28.34809349588915200 ) ) ;
#1704 = LINE ( 'NONE', #2031, #1301 ) ;
#1705 = ORIENTED_EDGE ( 'NONE', *, *, #1431, .T. ) ;
#1706 = LINE ( 'NONE', #1664, #599 ) ;
#1707 = DIRECTION ( 'NONE',  ( -1.000000000000000000, 0.0000000000000000000, -3.939837896994285400E-013 ) ) ;
#1708 = ORIENTED_EDGE ( 'NONE', *, *, #1241, .F. ) ;
#1709 = CARTESIAN_POINT ( 'NONE',  ( 219.7702375923377900, -14.43722731103645400, -28.49809349588938200 ) ) ;
#1710 = DIRECTION ( 'NONE',  ( -1.000000000000000000, 0.0000000000000000000, -2.585444407652689800E-013 ) ) ;
#1711 = EDGE_CURVE ( 'NONE', #666, #431, #781, .T. ) ;
#1712 = CARTESIAN_POINT ( 'NONE',  ( 216.6274371340784900, -13.33722731103598800, -29.29809349589052700 ) ) ;
#1713 = DIRECTION ( 'NONE',  ( -1.261617073437652800E-013, -1.000000000000000000, 7.885106708985329900E-015 ) ) ;
#1714 = DIRECTION ( 'NONE',  ( 1.000000000000000000, -1.501335652909240500E-013, 0.0000000000000000000 ) ) ;
#1715 = EDGE_CURVE ( 'NONE', #601, #310, #1917, .T. ) ;
#1716 = CARTESIAN_POINT ( 'NONE',  ( 218.1049663186950300, -14.87315109745602500, -28.49809349588999300 ) ) ;
#1717 = CARTESIAN_POINT ( 'NONE',  ( 217.3280256020931300, -15.33715925874330900, -29.09809349589008000 ) ) ;
#1718 = VERTEX_POINT ( 'NONE', #761 ) ;
#1719 = VECTOR ( 'NONE', #651, 1000.000000000000000 ) ;
#1720 = VERTEX_POINT ( 'NONE', #300 ) ;
#1721 = FACE_OUTER_BOUND ( 'NONE', #262, .T. ) ;
#1722 = PLANE ( 'NONE',  #2027 ) ;
#1723 = ORIENTED_EDGE ( 'NONE', *, *, #1049, .T. ) ;
#1724 = VERTEX_POINT ( 'NONE', #268 ) ;
#1725 = DIRECTION ( 'NONE',  ( 2.441414442624622500E-013, 1.000000000000000000, 2.408871012418191000E-014 ) ) ;
#1726 = EDGE_CURVE ( 'NONE', #625, #162, #1850, .T. ) ;
#1727 = CARTESIAN_POINT ( 'NONE',  ( 219.7652881205086100, -14.54574302001856300, -28.49809349588938200 ) ) ;
#1728 = EDGE_LOOP ( 'NONE', ( #635, #1390, #1594, #1491 ) ) ;
#1729 = VECTOR ( 'NONE', #1758, 1000.000000000000000 ) ;
#1730 = B_SPLINE_CURVE_WITH_KNOTS ( 'NONE', 1,
 ( #1990, #901 ),
 .UNSPECIFIED., .F., .F.,
 ( 2, 2 ),
 ( -1.071341183634653800E-026, 1.317238066678767300 ),
 .UNSPECIFIED. ) ;
#1731 = DIRECTION ( 'NONE',  ( -1.000000000000000000, 1.387778780783139300E-013, 0.0000000000000000000 ) ) ;
#1732 = AXIS2_PLACEMENT_3D ( 'NONE', #322, #2034, #1255 ) ;
#1733 = CARTESIAN_POINT ( 'NONE',  ( 217.2808250040311000, -15.83722731103599700, -27.54809349588946100 ) ) ;
#1734 = DIRECTION ( 'NONE',  ( -0.0000000000000000000, -1.000000000000000000, 7.885106708985243100E-015 ) ) ;
#1735 = DIRECTION ( 'NONE',  ( -1.609380926319636500E-013, -1.000000000000000000, -1.320316404827011400E-013 ) ) ;
#1736 = DIRECTION ( 'NONE',  ( -1.000000000000000000, 0.0000000000000000000, -3.877716519631454800E-013 ) ) ;
#1737 = CIRCLE ( 'NONE', #775, 0.05000000000013327100 ) ;
#1738 = EDGE_CURVE ( 'NONE', #571, #1527, #1221, .T. ) ;
#1739 = CARTESIAN_POINT ( 'NONE',  ( 216.8987862285473500, -15.53722731103606400, -28.39809349589061300 ) ) ;
#1740 = DIRECTION ( 'NONE',  ( -1.000000000000000000, 1.387778780780057800E-013, 0.0000000000000000000 ) ) ;
#1741 = CARTESIAN_POINT ( 'NONE',  ( 216.8987862285472900, -15.53722731103608500, -28.34809349589042400 ) ) ;
#1742 = OPEN_SHELL ( 'NONE', ( #1311, #1304, #998 ) ) ;
#1743 = CARTESIAN_POINT ( 'NONE',  ( 219.7702375923377900, -14.43722731103651400, -28.49809349588952800 ) ) ;
#1744 = ORIENTED_EDGE ( 'NONE', *, *, #883, .F. ) ;
#1745 = VERTEX_POINT ( 'NONE', #452 ) ;
#1746 = DIRECTION ( 'NONE',  ( 1.000000000000000000, 0.0000000000000000000, 3.822813008964512900E-013 ) ) ;
#1747 = LINE ( 'NONE', #467, #1107 ) ;
#1748 = ORIENTED_EDGE ( 'NONE', *, *, #1005, .T. ) ;
#1749 = CIRCLE ( 'NONE', #430, 0.05000000000014368000 ) ;
#1750 = EDGE_CURVE ( 'NONE', #17, #1830, #533, .T. ) ;
#1751 = ORIENTED_EDGE ( 'NONE', *, *, #1633, .T. ) ;
#1752 = FACE_OUTER_BOUND ( 'NONE', #843, .T. ) ;
#1753 = ORIENTED_EDGE ( 'NONE', *, *, #1054, .F. ) ;
#1754 = DIRECTION ( 'NONE',  ( 2.441414442624622500E-013, 1.000000000000000000, 2.408871012418191000E-014 ) ) ;
#1755 = B_SPLINE_CURVE_WITH_KNOTS ( 'NONE', 1,
 ( #170, #1571 ),
 .UNSPECIFIED., .F., .F.,
 ( 2, 2 ),
 ( -2.842170943044439700E-014, 0.1499999999999773500 ),
 .UNSPECIFIED. ) ;
#1756 = PRODUCT_DEFINITION_SHAPE ( 'NONE', 'NONE',  #427 ) ;
#1757 = EDGE_CURVE ( 'NONE', #571, #1926, #1737, .T. ) ;
#1758 = DIRECTION ( 'NONE',  ( 1.000000000000000000, 0.0000000000000000000, 3.583368633727712400E-013 ) ) ;
#1759 = CARTESIAN_POINT ( 'NONE',  ( 216.7995311651132200, -15.53722731103607700, -29.40786507039185000 ) ) ;
#1760 = CARTESIAN_POINT ( 'NONE',  ( 217.2860695149273300, -13.77860827769676900, -28.49809349589086000 ) ) ;
#1761 = CARTESIAN_POINT ( 'NONE',  ( 218.5267831555066500, -15.25362245398597600, -28.49809349588983700 ) ) ;
#1762 = EDGE_CURVE ( 'NONE', #699, #1519, #1098, .T. ) ;
#1763 = DIRECTION ( 'NONE',  ( 0.1954314900339625400, 0.0000000000000000000, -0.9807173561751140200 ) ) ;
#1764 = ADVANCED_FACE ( 'NONE', ( #1058 ), #2, .T. ) ;
#1765 = ORIENTED_EDGE ( 'NONE', *, *, #337, .T. ) ;
#1766 = CARTESIAN_POINT ( 'NONE',  ( 216.9728084751066600, -15.53722731103609800, -28.53832216656857700 ) ) ;
#1768 = AXIS2_PLACEMENT_3D ( 'NONE', #242, #1970, #1346 ) ;
#1767 = CARTESIAN_POINT ( 'NONE',  ( 218.8808250040316100, -13.03722731103632000, -27.54809349588948900 ) ) ;
#1769 = ADVANCED_FACE ( 'NONE', ( #1146 ), #1316, .T. ) ;
#1770 = VECTOR ( 'NONE', #318, 1000.000000000000000 ) ;
#1771 = CARTESIAN_POINT ( 'NONE',  ( 217.6808250040317300, -14.43722731103607900, -29.29809349589012900 ) ) ;
#1772 = CLOSED_SHELL ( 'NONE', ( #365, #50, #1623, #549, #675, #77, #1769, #1312, #1487, #1497, #1448, #860, #989, #363, #67, #1140, #1966, #1659, #415, #1339 ) ) ;
#1773 = LINE ( 'NONE', #595, #1154 ) ;
#1774 = ORIENTED_EDGE ( 'NONE', *, *, #543, .F. ) ;
#1775 = DIRECTION ( 'NONE',  ( 0.0000000000000000000, 0.0000000000000000000, -1.000000000000000000 ) ) ;
#1776 = ORIENTED_EDGE ( 'NONE', *, *, #1387, .T. ) ;
#1777 = CARTESIAN_POINT ( 'NONE',  ( 216.2808250040318700, -13.33722731103597200, -29.44809349589033300 ) ) ;
#1778 = ORIENTED_EDGE ( 'NONE', *, *, #1290, .F. ) ;
#1779 = B_SPLINE_CURVE_WITH_KNOTS ( 'NONE', 1,
 ( #1631, #1777 ),
 .UNSPECIFIED., .F., .F.,
 ( 2, 2 ),
 ( 0.0000000000000000000, 0.1499999999997499200 ),
 .UNSPECIFIED. ) ;
#1780 = LINE ( 'NONE', #1644, #1573 ) ;
#1781 = EDGE_CURVE ( 'NONE', #32, #643, #1000, .T. ) ;
#1782 = CARTESIAN_POINT ( 'NONE',  ( 218.0099347096180200, -14.65347091458826000, -28.49809349589004600 ) ) ;
#1783 = B_SPLINE_CURVE_WITH_KNOTS ( 'NONE', 1,
 ( #994, #52 ),
 .UNSPECIFIED., .F., .F.,
 ( 2, 2 ),
 ( -2.199999999999988600, 1.421085471520200400E-014 ),
 .UNSPECIFIED. ) ;
#1784 = CARTESIAN_POINT ( 'NONE',  ( 217.2860695149271100, -15.09423045256789200, -28.49809349589083900 ) ) ;
#1785 = CARTESIAN_POINT ( 'NONE',  ( 216.7504952973044100, -15.53722731103604800, -29.39809349589016900 ) ) ;
#1786 = EDGE_CURVE ( 'NONE', #1381, #1724, #1994, .T. ) ;
#1787 = DIRECTION ( 'NONE',  ( -0.7071067811863942500, 0.7071067811867007800, 0.0000000000000000000 ) ) ;
#1788 = DIRECTION ( 'NONE',  ( 0.06975647374158541700, 0.0000000000000000000, 0.9975640502600018300 ) ) ;
#1789 = FACE_OUTER_BOUND ( 'NONE', #968, .T. ) ;
#1790 = ADVANCED_FACE ( 'NONE', ( #220 ), #1912, .T. ) ;
#1791 = CARTESIAN_POINT ( 'NONE',  ( 216.8987862285476900, -13.33722731103605800, -28.39809349589113200 ) ) ;
#1792 = CARTESIAN_POINT ( 'NONE',  ( 217.9816521930009700, -14.43722731103604900, -27.74837356446414600 ) ) ;
#1793 = DIRECTION ( 'NONE',  ( 2.888742449314737600E-013, -9.462128050782371900E-015, -1.000000000000000000 ) ) ;
#1794 = CARTESIAN_POINT ( 'NONE',  ( 219.3425230079324400, -13.67642846587212400, -28.49809349588955600 ) ) ;
#1795 = ORIENTED_EDGE ( 'NONE', *, *, #1750, .T. ) ;
#1796 = FACE_OUTER_BOUND ( 'NONE', #912, .T. ) ;
#1797 = EDGE_LOOP ( 'NONE', ( #1537, #1129, #839, #598 ) ) ;
#1798 = VERTEX_POINT ( 'NONE', #1903 ) ;
#1799 = AXIS2_PLACEMENT_3D ( 'NONE', #862, #564, #81 ) ;
#1800 = CARTESIAN_POINT ( 'NONE',  ( 220.4860695149268100, -15.09584634437602300, -28.34809374588912000 ) ) ;
#1801 = FACE_OUTER_BOUND ( 'NONE', #505, .T. ) ;
#1802 = DIRECTION ( 'NONE',  ( 2.180795226942286600E-013, 1.000000000000000000, 0.0000000000000000000 ) ) ;
#1803 = AXIS2_PLACEMENT_3D ( 'NONE', #1648, #853, #1347 ) ;
#1804 = VERTEX_POINT ( 'NONE', #1741 ) ;
#1805 = CARTESIAN_POINT ( 'NONE',  ( 219.7504397050212800, -14.24872482139465600, -28.49809349588953500 ) ) ;
#1806 = VERTEX_POINT ( 'NONE', #970 ) ;
#1807 = ORIENTED_EDGE ( 'NONE', *, *, #1249, .F. ) ;
#1808 = CYLINDRICAL_SURFACE ( 'NONE', #303, 0.2999999999999947200 ) ;
#1809 = CARTESIAN_POINT ( 'NONE',  ( 216.7504952973044100, -15.53722731103604800, -29.39809349589016900 ) ) ;
#1810 = ORIENTED_EDGE ( 'NONE', *, *, #468, .T. ) ;
#1811 = CARTESIAN_POINT ( 'NONE',  ( 217.3717789855594200, -14.06610416748289400, -28.34809349589017900 ) ) ;
#1812 = CARTESIAN_POINT ( 'NONE',  ( 0.0000000000000000000, 0.0000000000000000000, 0.0000000000000000000 ) ) ;
#1813 = EDGE_CURVE ( 'NONE', #518, #625, #210, .T. ) ;
#1814 = PLANE ( 'NONE',  #127 ) ;
#1815 = CARTESIAN_POINT ( 'NONE',  ( 217.2808250040313000, -15.09423045256796700, -28.42309349589058300 ) ) ;
#1816 = AXIS2_PLACEMENT_3D ( 'NONE', #942, #917, #1710 ) ;
#1817 = DIRECTION ( 'NONE',  ( 1.000000000000000000, -2.180795226942286600E-013, 0.0000000000000000000 ) ) ;
#1818 = APPLICATION_PROTOCOL_DEFINITION ( 'draft international standard', 'automotive_design', 1998, #1482 ) ;
#1819 = ADVANCED_FACE ( 'NONE', ( #906 ), #630, .T. ) ;
#1820 = CARTESIAN_POINT ( 'NONE',  ( 217.2860695149269100, -15.09584634437556100, -28.34809349589026100 ) ) ;
#1821 = CARTESIAN_POINT ( 'NONE',  ( 219.0693274936780600, -13.56761261004650600, -28.49809349588966600 ) ) ;
#1822 = B_SPLINE_CURVE_WITH_KNOTS ( 'NONE', 1,
 ( #1992, #293 ),
 .UNSPECIFIED., .F., .F.,
 ( 2, 2 ),
 ( -1.071341183634653800E-026, 1.317238066678767300 ),
 .UNSPECIFIED. ) ;
#1823 = CARTESIAN_POINT ( 'NONE',  ( 217.9914124157250500, -14.43722731103630800, -28.49809349589004600 ) ) ;
#1824 = EDGE_CURVE ( 'NONE', #225, #1873, #174, .T. ) ;
#1825 = ORIENTED_EDGE ( 'NONE', *, *, #1843, .F. ) ;
#1826 = CARTESIAN_POINT ( 'NONE',  ( 217.2808250040311000, -15.83722731103601200, -28.42309349589001500 ) ) ;
#1827 = APPLICATION_CONTEXT ( 'automotive_design' ) ;
#1828 = EDGE_LOOP ( 'NONE', ( #899, #724, #620, #1018 ) ) ;
#1829 = FACE_OUTER_BOUND ( 'NONE', #8, .T. ) ;
#1830 = VERTEX_POINT ( 'NONE', #1894 ) ;
#1831 = CARTESIAN_POINT ( 'NONE',  ( 219.5959998059287800, -14.97976509781359400, -28.49809349588957400 ) ) ;
#1832 = CIRCLE ( 'NONE', #462, 1.199999999999895600 ) ;
#1833 = VERTEX_POINT ( 'NONE', #1581 ) ;
#1834 = EDGE_CURVE ( 'NONE', #790, #872, #1554, .T. ) ;
#1835 = CARTESIAN_POINT ( 'NONE',  ( 217.3280060177907800, -13.03722731103599100, -27.74837356446434800 ) ) ;
#1836 = CARTESIAN_POINT ( 'NONE',  ( 220.4755804931351700, -15.53722731103660100, -28.49809349588969800 ) ) ;
#1837 = EDGE_LOOP ( 'NONE', ( #1902, #1681, #575, #1376 ) ) ;
#1838 = DIRECTION ( 'NONE',  ( -0.3619161213968951100, -8.085638612376895900E-015, -0.9322106634624105500 ) ) ;
#1839 = ORIENTED_EDGE ( 'NONE', *, *, #1143, .F. ) ;
#1840 = ORIENTED_EDGE ( 'NONE', *, *, #1545, .T. ) ;
#1841 = CARTESIAN_POINT ( 'NONE',  ( 219.6638655484679500, -14.87575984423072000, -28.49809349588955200 ) ) ;
#1842 = CARTESIAN_POINT ( 'NONE',  ( 218.8808250040316100, -13.03722731103599800, -29.29809349588975200 ) ) ;
#1843 = EDGE_CURVE ( 'NONE', #289, #1515, #1755, .T. ) ;
#1844 = CARTESIAN_POINT ( 'NONE',  ( 219.0693274936776000, -15.30684201202625500, -28.49809349588971600 ) ) ;
#1845 = AXIS2_PLACEMENT_3D ( 'NONE', #636, #36, #1736 ) ;
#1846 = VECTOR ( 'NONE', #1116, 1000.000000000000000 ) ;
#1847 = CARTESIAN_POINT ( 'NONE',  ( 218.8808250040306100, -14.43722731103629900, -26.20717620865816100 ) ) ;
#1848 = CARTESIAN_POINT ( 'NONE',  ( 217.2843164423670700, -15.09532371109130900, -28.47302339028586000 ) ) ;
#1849 = PLANE ( 'NONE',  #2014 ) ;
#1850 = B_SPLINE_CURVE_WITH_KNOTS ( 'NONE', 1,
 ( #931, #321 ),
 .UNSPECIFIED., .F., .F.,
 ( 2, 2 ),
 ( 0.0000000000000000000, 0.8866399106000010200 ),
 .UNSPECIFIED. ) ;
#1851 = ORIENTED_EDGE ( 'NONE', *, *, #1530, .T. ) ;
#1852 = DIRECTION ( 'NONE',  ( -1.495760967634275000E-013, -1.000000000000000000, 0.0000000000000000000 ) ) ;
#1853 = VECTOR ( 'NONE', #2001, 1000.000000000000000 ) ;
#1854 = EDGE_CURVE ( 'NONE', #449, #1543, #1466, .T. ) ;
#1855 = ORIENTED_EDGE ( 'NONE', *, *, #1483, .T. ) ;
#1856 = CIRCLE ( 'NONE', #698, 0.04999999999999449300 ) ;
#1857 = ORIENTED_EDGE ( 'NONE', *, *, #409, .F. ) ;
#1858 = VERTEX_POINT ( 'NONE', #653 ) ;
#1859 = CARTESIAN_POINT ( 'NONE',  ( 217.3280256020930200, -15.83722731103606000, -29.09809349589020800 ) ) ;
#1860 = ORIENTED_EDGE ( 'NONE', *, *, #621, .F. ) ;
#1861 = FACE_OUTER_BOUND ( 'NONE', #1335, .T. ) ;
#1862 = DIRECTION ( 'NONE',  ( -1.000000000000000000, 0.0000000000000000000, -3.238150488490096800E-013 ) ) ;
#1863 = DIRECTION ( 'NONE',  ( -1.000000000000000000, 0.0000000000000000000, -4.201807198994869100E-013 ) ) ;
#1864 = ORIENTED_EDGE ( 'NONE', *, *, #1781, .F. ) ;
#1865 = AXIS2_PLACEMENT_3D ( 'NONE', #1898, #958, #1740 ) ;
#1866 = EDGE_CURVE ( 'NONE', #1833, #592, #424, .T. ) ;
#1867 = CARTESIAN_POINT ( 'NONE',  ( 220.8628637795152400, -15.53722731103662700, -28.34809349588902100 ) ) ;
#1868 = DIRECTION ( 'NONE',  ( -1.000000000000000000, 0.0000000000000000000, -3.700743415415884000E-013 ) ) ;
#1869 = DIRECTION ( 'NONE',  ( 0.1954314900331440000, 0.0000000000000000000, 0.9807173561752770000 ) ) ;
#1870 = EDGE_CURVE ( 'NONE', #593, #1585, #368, .T. ) ;
#1871 = CARTESIAN_POINT ( 'NONE',  ( 217.2825682233181800, -13.77966955660417100, -28.39816429865912200 ) ) ;
#1872 = CARTESIAN_POINT ( 'NONE',  ( 219.5925303458098800, -14.97391703254111000, -28.49809349588944200 ) ) ;
#1873 = VERTEX_POINT ( 'NONE', #1269 ) ;
#1874 = CARTESIAN_POINT ( 'NONE',  ( 217.0717789855593500, -14.43722731103608200, -28.34809349589036000 ) ) ;
#1875 = VERTEX_POINT ( 'NONE', #1558 ) ;
#1876 = DIRECTION ( 'NONE',  ( 3.939837896994162700E-013, -6.147454516670095000E-026, -1.000000000000000000 ) ) ;
#1877 = FACE_OUTER_BOUND ( 'NONE', #1373, .T. ) ;
#1878 = ORIENTED_EDGE ( 'NONE', *, *, #794, .F. ) ;
#1879 = EDGE_CURVE ( 'NONE', #1923, #991, #632, .T. ) ;
#1880 = CIRCLE ( 'NONE', #739, 0.04999999999993898200 ) ;
#1881 = ORIENTED_EDGE ( 'NONE', *, *, #655, .T. ) ;
#1882 = ORIENTED_EDGE ( 'NONE', *, *, #1633, .F. ) ;
#1883 = DIRECTION ( 'NONE',  ( -1.561203506072384100E-013, -1.000000000000000000, -8.320335162950581200E-014 ) ) ;
#1884 = CARTESIAN_POINT ( 'NONE',  ( 221.4808250040317100, -13.33722731103670100, -29.44809349588850400 ) ) ;
#1885 = DIRECTION ( 'NONE',  ( 0.0000000000000000000, -1.189524669240837400E-014, -1.000000000000000000 ) ) ;
#1886 = CARTESIAN_POINT ( 'NONE',  ( 219.6972201469836200, -14.79126915955202800, -28.49809349588940700 ) ) ;
#1887 = B_SPLINE_CURVE_WITH_KNOTS ( 'NONE', 1,
 ( #1196, #1508 ),
 .UNSPECIFIED., .F., .F.,
 ( 2, 2 ),
 ( 0.0000000000000000000, 0.07518314235609789600 ),
 .UNSPECIFIED. ) ;
#1888 = CARTESIAN_POINT ( 'NONE',  ( 220.4808250040315200, -13.03722731103664000, -28.42309349588945000 ) ) ;
#1889 = CARTESIAN_POINT ( 'NONE',  ( 221.4808250040317700, -13.33722731103666700, -29.44809349588850700 ) ) ;
#1890 = EDGE_CURVE ( 'NONE', #32, #1985, #1004, .T. ) ;
#1891 = LINE ( 'NONE', #1201, #1001 ) ;
#1892 = FILL_AREA_STYLE_COLOUR ( '', #1375 ) ;
#1893 = LINE ( 'NONE', #783, #1365 ) ;
#1894 = CARTESIAN_POINT ( 'NONE',  ( 221.4808250040316600, -15.53722731103673000, -29.44809349588849700 ) ) ;
#1895 = CARTESIAN_POINT ( 'NONE',  ( 220.4003600442944700, -14.80835045458986000, -28.49809349588972700 ) ) ;
#1896 = EDGE_CURVE ( 'NONE', #1503, #185, #880, .T. ) ;
#1897 = SURFACE_STYLE_USAGE ( .BOTH. , #796 ) ;
#1898 = CARTESIAN_POINT ( 'NONE',  ( 217.0218443917735000, -15.53722731103608900, -28.54809349589106700 ) ) ;
#1899 = ORIENTED_EDGE ( 'NONE', *, *, #61, .T. ) ;
#1900 = FACE_OUTER_BOUND ( 'NONE', #579, .T. ) ;
#1901 = AXIS2_PLACEMENT_3D ( 'NONE', #292, #1388, #612 ) ;
#1902 = ORIENTED_EDGE ( 'NONE', *, *, #765, .T. ) ;
#1903 = CARTESIAN_POINT ( 'NONE',  ( 220.7003600442944800, -14.80835045458981200, -28.49809349588961300 ) ) ;
#1904 = VECTOR ( 'NONE', #730, 1000.000000000000000 ) ;
#1905 = ORIENTED_EDGE ( 'NONE', *, *, #1555, .F. ) ;
#1906 = ORIENTED_EDGE ( 'NONE', *, *, #1054, .T. ) ;
#1907 = CARTESIAN_POINT ( 'NONE',  ( 218.0340376071110300, -14.71083905594438300, -28.49809349589001100 ) ) ;
#1908 = CARTESIAN_POINT ( 'NONE',  ( 220.7398056162891700, -15.53722731103664000, -28.54809349588969900 ) ) ;
#1909 = ORIENTED_EDGE ( 'NONE', *, *, #483, .F. ) ;
#1910 = FACE_OUTER_BOUND ( 'NONE', #960, .T. ) ;
#1911 = ORIENTED_EDGE ( 'NONE', *, *, #1762, .F. ) ;
#1912 = PLANE ( 'NONE',  #979 ) ;
#1913 = CARTESIAN_POINT ( 'NONE',  ( 220.4336439902716600, -15.83722731103665600, -27.74837356446338900 ) ) ;
#1914 = AXIS2_PLACEMENT_3D ( 'NONE', #1895, #817, #950 ) ;
#1915 = B_SPLINE_CURVE_WITH_KNOTS ( 'NONE', 3,
 ( #804, #953, #176, #1418, #828, #394, #1468, #1794, #1485, #708, #96, #247, #561, #257, #1821, #1663, #341, #897 ),
 .UNSPECIFIED., .F., .F.,
 ( 4, 2, 2, 2, 2, 2, 2, 2, 4 ),
 ( 0.0000000000000000000, 0.2500000000000194300, 0.5000000000000388600, 0.6250000000000486300, 0.6875000000000300900, 0.7500000000000116600, 0.8124999999999932300, 0.8749999999999746900, 1.000000000000000000 ),
 .UNSPECIFIED. ) ;
#1916 = DIRECTION ( 'NONE',  ( -1.000000000000000000, 0.0000000000000000000, -4.210580892463449600E-013 ) ) ;
#1917 = LINE ( 'NONE', #167, #130 ) ;
#1918 = EDGE_CURVE ( 'NONE', #1153, #961, #1511, .T. ) ;
#1919 = CARTESIAN_POINT ( 'NONE',  ( 220.7003600442944600, -14.80835045458976200, -28.42309349588931900 ) ) ;
#1920 = CARTESIAN_POINT ( 'NONE',  ( 221.4808250040318000, -15.53722731103672800, -29.44809349588849300 ) ) ;
#1921 = VERTEX_POINT ( 'NONE', #1413 ) ;
#1922 = CARTESIAN_POINT ( 'NONE',  ( 220.0808250040316000, -15.63722731103630700, -29.29809349588922600 ) ) ;
#1923 = VERTEX_POINT ( 'NONE', #385 ) ;
#1924 = PLANE ( 'NONE',  #420 ) ;
#1925 = FACE_OUTER_BOUND ( 'NONE', #1084, .T. ) ;
#1926 = VERTEX_POINT ( 'NONE', #1462 ) ;
#1927 = VECTOR ( 'NONE', #1686, 1000.000000000000000 ) ;
#1928 = ORIENTED_EDGE ( 'NONE', *, *, #200, .F. ) ;
#1929 = EDGE_CURVE ( 'NONE', #1016, #1063, #1665, .T. ) ;
#1930 = CARTESIAN_POINT ( 'NONE',  ( 218.2950478962769700, -15.10932292633835900, -28.49809349588994300 ) ) ;
#1931 = ORIENTED_EDGE ( 'NONE', *, *, #200, .T. ) ;
#1932 = ORIENTED_EDGE ( 'NONE', *, *, #1685, .F. ) ;
#1933 = ADVANCED_FACE ( 'NONE', ( #75 ), #209, .T. ) ;
#1934 = ORIENTED_EDGE ( 'NONE', *, *, #945, .T. ) ;
#1935 = PLANE ( 'NONE',  #1621 ) ;
#1936 = CARTESIAN_POINT ( 'NONE',  ( 217.8280936543856700, -15.83722731103612300, -28.42309349588975600 ) ) ;
#1937 = EDGE_CURVE ( 'NONE', #1502, #741, #245, .T. ) ;
#1938 = CARTESIAN_POINT ( 'NONE',  ( 219.7799978150617900, -13.03722731103651000, -27.64823353017652300 ) ) ;
#1939 = AXIS2_PLACEMENT_3D ( 'NONE', #366, #520, #530 ) ;
#1940 = CARTESIAN_POINT ( 'NONE',  ( 216.6274371340784900, -13.33722731103598800, -29.29809349589052700 ) ) ;
#1941 = CARTESIAN_POINT ( 'NONE',  ( 220.4808250040309800, -15.53722731103656700, -28.42309349588913000 ) ) ;
#1942 = VECTOR ( 'NONE', #1247, 1000.000000000000000 ) ;
#1943 = CARTESIAN_POINT ( 'NONE',  ( 218.4191270001277300, -15.19802615619922300, -28.49809349588988600 ) ) ;
#1944 = EDGE_CURVE ( 'NONE', #402, #184, #1296, .T. ) ;
#1945 = CARTESIAN_POINT ( 'NONE',  ( 221.0111547107588300, -14.43722731103666500, -29.44809349588868800 ) ) ;
#1946 = CARTESIAN_POINT ( 'NONE',  ( 216.2808250040315800, -15.53722731103598800, -29.29809349589061900 ) ) ;
#1947 = VERTEX_POINT ( 'NONE', #1010 ) ;
#1948 = DIRECTION ( 'NONE',  ( -2.441414442628273300E-013, -1.000000000000000000, -2.408871012441052500E-014 ) ) ;
#1949 = DIRECTION ( 'NONE',  ( 1.609380926319636500E-013, 1.000000000000000000, 1.320316404827011400E-013 ) ) ;
#1950 = COLOUR_RGB ( '',0.0000000000000000000, 0.0000000000000000000, 0.0000000000000000000 ) ;
#1951 = ADVANCED_FACE ( 'NONE', ( #490 ), #441, .T. ) ;
#1952 = EDGE_LOOP ( 'NONE', ( #1934, #1931, #159, #326, #1596 ) ) ;
#1953 = CYLINDRICAL_SURFACE ( 'NONE', #1865, 0.05000000000005000400 ) ;
#1954 = ORIENTED_EDGE ( 'NONE', *, *, #94, .T. ) ;
#1955 = ORIENTED_EDGE ( 'NONE', *, *, #1602, .F. ) ;
#1956 = MECHANICAL_DESIGN_GEOMETRIC_PRESENTATION_REPRESENTATION (  '', ( #1672 ), #539 ) ;
#1957 = PLANE ( 'NONE',  #367 ) ;
#1958 = DIRECTION ( 'NONE',  ( 1.000000000000000000, -2.054563116860150600E-013, 0.0000000000000000000 ) ) ;
#1959 = CONICAL_SURFACE ( 'NONE', #1845, 388.2342646168457300, 0.3703225350496747200 ) ;
#1960 = EDGE_CURVE ( 'NONE', #961, #301, #1692, .T. ) ;
#1961 = PLANE ( 'NONE',  #1549 ) ;
#1962 = VERTEX_POINT ( 'NONE', #829 ) ;
#1963 = CARTESIAN_POINT ( 'NONE',  ( 216.6764730507447600, -15.53722731103606800, -29.25786482521279600 ) ) ;
#1964 = DIRECTION ( 'NONE',  ( -1.000000000000000000, 2.092510192897072800E-013, -0.0000000000000000000 ) ) ;
#1965 = PLANE ( 'NONE',  #212 ) ;
#1966 = ADVANCED_FACE ( 'NONE', ( #1167 ), #1119, .T. ) ;
#1967 = DIRECTION ( 'NONE',  ( 1.000000000000000000, 0.0000000000000000000, 3.106082348198489100E-013 ) ) ;
#1968 = CARTESIAN_POINT ( 'NONE',  ( 218.3382872172457800, -13.72205250914880800, -28.49809349588993300 ) ) ;
#1969 = EDGE_CURVE ( 'NONE', #566, #1307, #1666, .T. ) ;
#1970 = DIRECTION ( 'NONE',  ( -2.441414442624622500E-013, -1.000000000000000000, -2.408871012418191000E-014 ) ) ;
#1971 = ORIENTED_EDGE ( 'NONE', *, *, #364, .F. ) ;
#1972 = FILL_AREA_STYLE ('',( #874 ) ) ;
#1973 = ORIENTED_EDGE ( 'NONE', *, *, #863, .T. ) ;
#1974 = B_SPLINE_CURVE_WITH_KNOTS ( 'NONE', 1,
 ( #1186, #878 ),
 .UNSPECIFIED., .F., .F.,
 ( 2, 2 ),
 ( -2.800000000000023800, 1.243449787580175300E-014 ),
 .UNSPECIFIED. ) ;
#1975 = CARTESIAN_POINT ( 'NONE',  ( 217.2808250040313000, -15.09423045256789200, -28.42309349589052300 ) ) ;
#1976 = LINE ( 'NONE', #1600, #1538 ) ;
#1977 = CARTESIAN_POINT ( 'NONE',  ( 220.7888414840979300, -15.53722731103664100, -28.53832192138742800 ) ) ;
#1978 = DIRECTION ( 'NONE',  ( 1.000000000000000000, 0.0000000000000000000, 0.0000000000000000000 ) ) ;
#1979 = ORIENTED_EDGE ( 'NONE', *, *, #1870, .F. ) ;
#1980 = CARTESIAN_POINT ( 'NONE',  ( 219.7183606999304000, -14.13649302281267200, -28.49809349588954200 ) ) ;
#1981 = VECTOR ( 'NONE', #1032, 1000.000000000000000 ) ;
#1982 = ORIENTED_EDGE ( 'NONE', *, *, #1561, .T. ) ;
#1983 = ORIENTED_EDGE ( 'NONE', *, *, #1202, .T. ) ;
#1984 = ORIENTED_EDGE ( 'NONE', *, *, #46, .T. ) ;
#1985 = VERTEX_POINT ( 'NONE', #1433 ) ;
#1986 = DIRECTION ( 'NONE',  ( -1.387778780781425500E-013, -1.000000000000000000, 7.885106708985372500E-015 ) ) ;
#1987 = CARTESIAN_POINT ( 'NONE',  ( 219.7702375923376500, -14.43722731103653200, -28.49809349588946400 ) ) ;
#1988 = ADVANCED_FACE ( 'NONE', ( #805 ), #1509, .T. ) ;
#1989 = EDGE_CURVE ( 'NONE', #1921, #872, #1029, .T. ) ;
#1990 = CARTESIAN_POINT ( 'NONE',  ( 220.4860695149269500, -13.77860852769722500, -28.34809349588914200 ) ) ;
#1991 = CARTESIAN_POINT ( 'NONE',  ( 218.8808250040306100, -14.43722731103629900, -26.20717620865816100 ) ) ;
#1992 = CARTESIAN_POINT ( 'NONE',  ( 220.4860695149268100, -15.09584609437602200, -28.49809349588915800 ) ) ;
#1993 = CARTESIAN_POINT ( 'NONE',  ( 216.2808250040316700, -13.33722731103596900, -29.29809349589063000 ) ) ;
#1994 = CIRCLE ( 'NONE', #1027, 0.2999999999999947200 ) ;
#1995 = CARTESIAN_POINT ( 'NONE',  ( 219.4666021117786600, -15.10932292634409500, -28.49809349588960900 ) ) ;
#1996 = DIRECTION ( 'NONE',  ( -0.0000000000000000000, -1.000000000000000000, 9.462128050782371900E-015 ) ) ;
#1997 = EDGE_CURVE ( 'NONE', #1745, #1503, #295, .T. ) ;
#1998 = ORIENTED_EDGE ( 'NONE', *, *, #106, .F. ) ;
#1999 = FACE_OUTER_BOUND ( 'NONE', #1564, .T. ) ;
#2000 = ORIENTED_EDGE ( 'NONE', *, *, #1918, .T. ) ;
#2001 = DIRECTION ( 'NONE',  ( -0.0000000000000000000, -1.000000000000000000, 7.434529182756753200E-015 ) ) ;
#2002 =( BOUNDED_CURVE ( )  B_SPLINE_CURVE ( 2, ( #1771, #1309, #531, #1603, #1435 ),
 .UNSPECIFIED., .F., .F. ) 
 B_SPLINE_CURVE_WITH_KNOTS ( ( 3, 2, 3 ),
 ( 0.003751220714594766600, 0.005626831071892136900, 0.007502441429189508900 ),
 .UNSPECIFIED. ) 
 CURVE ( )  GEOMETRIC_REPRESENTATION_ITEM ( )  RATIONAL_B_SPLINE_CURVE ( ( 1.000000000000000000, 0.7071067811865474600, 1.000000000000000000, 0.7071067811865496800, 0.9999999999999977800 ) ) 
 REPRESENTATION_ITEM ( '' )  );
#2003 = FACE_OUTER_BOUND ( 'NONE', #590, .T. ) ;
#2004 = ORIENTED_EDGE ( 'NONE', *, *, #1662, .T. ) ;
#2005 = CARTESIAN_POINT ( 'NONE',  ( 218.8808250040306100, -14.43722731103629900, -26.20717620865815800 ) ) ;
#2006 = CARTESIAN_POINT ( 'NONE',  ( 220.7398056162895200, -15.53722731103662900, -28.49809349588958800 ) ) ;
#2007 =( GEOMETRIC_REPRESENTATION_CONTEXT ( 3 ) GLOBAL_UNCERTAINTY_ASSIGNED_CONTEXT ( ( #773 ) ) GLOBAL_UNIT_ASSIGNED_CONTEXT ( ( #733, #1175, #1475 ) ) REPRESENTATION_CONTEXT ( 'NONE', 'WORKASPACE' ) );
#2008 = ORIENTED_EDGE ( 'NONE', *, *, #820, .T. ) ;
#2009 = VECTOR ( 'NONE', #1526, 1000.000000000000000 ) ;
#2010 = CARTESIAN_POINT ( 'NONE',  ( 220.4808249865919300, -15.53722731103657200, -28.42309324649809100 ) ) ;
#2011 = ORIENTED_EDGE ( 'NONE', *, *, #621, .T. ) ;
#2012 = PLANE ( 'NONE',  #241 ) ;
#2013 = EDGE_CURVE ( 'NONE', #1016, #289, #1246, .T. ) ;
#2014 = AXIS2_PLACEMENT_3D ( 'NONE', #1213, #905, #1671 ) ;
#2015 = LINE ( 'NONE', #605, #706 ) ;
#2016 = DIRECTION ( 'NONE',  ( -1.000000000000000000, 2.428612866367797500E-013, 0.0000000000000000000 ) ) ;
#2017 = CARTESIAN_POINT ( 'NONE',  ( 217.6808250040317300, -14.43722731103607900, -29.29809349589012900 ) ) ;
#2018 = CARTESIAN_POINT ( 'NONE',  ( 220.4755804931352800, -15.53722731103662900, -28.34809349588915900 ) ) ;
#2019 = EDGE_LOOP ( 'NONE', ( #1839, #695, #1645, #1093 ) ) ;
#2020 = EDGE_CURVE ( 'NONE', #867, #799, #1145, .T. ) ;
#2021 = CARTESIAN_POINT ( 'NONE',  ( 216.2808250040315800, -15.53722731103599800, -29.29809349589063300 ) ) ;
#2022 = ORIENTED_EDGE ( 'NONE', *, *, #1813, .T. ) ;
#2023 = VECTOR ( 'NONE', #1141, 1000.000000000000000 ) ;
#2024 = ORIENTED_EDGE ( 'NONE', *, *, #607, .F. ) ;
#2025 = VECTOR ( 'NONE', #1342, 1000.000000000000000 ) ;
#2026 = DIRECTION ( 'NONE',  ( -3.676773088052979500E-013, 2.884785801454918800E-014, 1.000000000000000000 ) ) ;
#2027 = AXIS2_PLACEMENT_3D ( 'NONE', #2018, #145, #454 ) ;
#2028 = VERTEX_POINT ( 'NONE', #1836 ) ;
#2029 = ORIENTED_EDGE ( 'NONE', *, *, #1702, .F. ) ;
#2030 = FACE_OUTER_BOUND ( 'NONE', #845, .T. ) ;
#2031 = CARTESIAN_POINT ( 'NONE',  ( 216.6274371340783800, -14.43722731103602400, -29.29809349589051900 ) ) ;
#2032 = EDGE_LOOP ( 'NONE', ( #692, #1036, #1211, #1983 ) ) ;
#2033 = CARTESIAN_POINT ( 'NONE',  ( 217.0218443917735000, -15.53722731103607700, -28.54809349589106700 ) ) ;
#2034 = DIRECTION ( 'NONE',  ( -1.000000000000000000, 2.180795226942279500E-013, -4.157514396699375300E-013 ) ) ;
#2035 = EDGE_CURVE ( 'NONE', #666, #747, #1891, .T. ) ;
#2036 = CARTESIAN_POINT ( 'NONE',  ( 217.0717789855595200, -14.06610416748289100, -28.34809349589033900 ) ) ;
#2037 = CARTESIAN_POINT ( 'NONE',  ( 217.2834472594790600, -15.53722731103611700, -28.38559349589038000 ) ) ;
ENDSEC;
END-ISO-10303-21;
